
SET @OLD_UNIQUE_CHECKS=@@UNIQUE_CHECKS, UNIQUE_CHECKS=0;
SET @OLD_FOREIGN_KEY_CHECKS=@@FOREIGN_KEY_CHECKS, FOREIGN_KEY_CHECKS=0;

USE GymPal;

#
# Dumping data for table GymManager
#

insert into GymManager (ManagerID, FirstName, LastName, PhoneNumber, email) values (1, 'Wenonah', 'Gisborne', '473-374-8627', 'wgisborne0@google.co.jp');
insert into GymManager (ManagerID, FirstName, LastName, PhoneNumber, email) values (2, 'Rosella', 'Acton', '888-170-0599', 'racton1@google.de');
insert into GymManager (ManagerID, FirstName, LastName, PhoneNumber, email) values (3, 'Kain', 'Filasov', '203-723-4887', 'kfilasov2@craigslist.org');
insert into GymManager (ManagerID, FirstName, LastName, PhoneNumber, email) values (4, 'Giulia', 'Kubanek', '701-461-5844', 'gkubanek3@ebay.com');
insert into GymManager (ManagerID, FirstName, LastName, PhoneNumber, email) values (5, 'Fleurette', 'Danilewicz', '430-389-5650', 'fdanilewicz4@forbes.com');
insert into GymManager (ManagerID, FirstName, LastName, PhoneNumber, email) values (6, 'Nerta', 'Brigdale', '204-318-6997', 'nbrigdale5@theguardian.com');
insert into GymManager (ManagerID, FirstName, LastName, PhoneNumber, email) values (7, 'Antonius', 'Kempton', '716-183-0854', 'akempton6@biblegateway.com');
insert into GymManager (ManagerID, FirstName, LastName, PhoneNumber, email) values (8, 'Elbertina', 'Prantoni', '326-420-7425', 'eprantoni7@goo.gl');
insert into GymManager (ManagerID, FirstName, LastName, PhoneNumber, email) values (9, 'Ollie', 'Samber', '665-165-8992', 'osamber8@elegantthemes.com');
insert into GymManager (ManagerID, FirstName, LastName, PhoneNumber, email) values (10, 'Sullivan', 'Westley', '393-828-4723', 'swestley9@dailymotion.com');
insert into GymManager (ManagerID, FirstName, LastName, PhoneNumber, email) values (11, 'Umberto', 'Durnell', '695-615-2137', 'udurnella@phpbb.com');
insert into GymManager (ManagerID, FirstName, LastName, PhoneNumber, email) values (12, 'Charmane', 'Muston', '768-662-8062', 'cmustonb@yolasite.com');
insert into GymManager (ManagerID, FirstName, LastName, PhoneNumber, email) values (13, 'Sashenka', 'Greenleaf', '627-969-2214', 'sgreenleafc@china.com.cn');
insert into GymManager (ManagerID, FirstName, LastName, PhoneNumber, email) values (14, 'Jacki', 'Whittuck', '916-438-8473', 'jwhittuckd@studiopress.com');
insert into GymManager (ManagerID, FirstName, LastName, PhoneNumber, email) values (15, 'Marianne', 'Gerhardt', '362-392-7249', 'mgerhardte@ft.com');
insert into GymManager (ManagerID, FirstName, LastName, PhoneNumber, email) values (16, 'Faunie', 'Banke', '662-750-9949', 'fbankef@intel.com');
insert into GymManager (ManagerID, FirstName, LastName, PhoneNumber, email) values (17, 'Annelise', 'Olliar', '950-957-1708', 'aolliarg@sun.com');
insert into GymManager (ManagerID, FirstName, LastName, PhoneNumber, email) values (18, 'Dulcinea', 'Weeke', '158-221-9185', 'dweekeh@ihg.com');
insert into GymManager (ManagerID, FirstName, LastName, PhoneNumber, email) values (19, 'Mandy', 'Kunert', '620-872-9703', 'mkunerti@g.co');
insert into GymManager (ManagerID, FirstName, LastName, PhoneNumber, email) values (20, 'Esma', 'Phethean', '755-400-8825', 'ephetheanj@rediff.com');
insert into GymManager (ManagerID, FirstName, LastName, PhoneNumber, email) values (21, 'Randie', 'Connett', '393-464-7446', 'rconnettk@economist.com');
insert into GymManager (ManagerID, FirstName, LastName, PhoneNumber, email) values (22, 'Rolfe', 'Oxtaby', '802-769-9193', 'roxtabyl@jugem.jp');
insert into GymManager (ManagerID, FirstName, LastName, PhoneNumber, email) values (23, 'Fianna', 'Ream', '990-658-4091', 'freamm@ucoz.com');
insert into GymManager (ManagerID, FirstName, LastName, PhoneNumber, email) values (24, 'Arther', 'Josephson', '124-702-8124', 'ajosephsonn@facebook.com');
insert into GymManager (ManagerID, FirstName, LastName, PhoneNumber, email) values (25, 'Gregory', 'Giggs', '602-732-3999', 'ggiggso@bing.com');
insert into GymManager (ManagerID, FirstName, LastName, PhoneNumber, email) values (26, 'Ruggiero', 'Fear', '281-145-1410', 'rfearp@friendfeed.com');
insert into GymManager (ManagerID, FirstName, LastName, PhoneNumber, email) values (27, 'Scarlet', 'Glavis', '766-511-1654', 'sglavisq@state.tx.us');
insert into GymManager (ManagerID, FirstName, LastName, PhoneNumber, email) values (28, 'Faith', 'Thursby', '774-165-9286', 'fthursbyr@github.com');
insert into GymManager (ManagerID, FirstName, LastName, PhoneNumber, email) values (29, 'Aggie', 'Filippazzo', '487-591-9642', 'afilippazzos@blogspot.com');
insert into GymManager (ManagerID, FirstName, LastName, PhoneNumber, email) values (30, 'Kristan', 'Armfirld', '717-774-7990', 'karmfirldt@taobao.com');
insert into GymManager (ManagerID, FirstName, LastName, PhoneNumber, email) values (31, 'Venus', 'Bittlestone', '685-901-3019', 'vbittlestoneu@pen.io');
insert into GymManager (ManagerID, FirstName, LastName, PhoneNumber, email) values (32, 'Rod', 'Tweedell', '571-904-1064', 'rtweedellv@uol.com.br');
insert into GymManager (ManagerID, FirstName, LastName, PhoneNumber, email) values (33, 'Lilyan', 'Prujean', '715-817-8857', 'lprujeanw@yellowpages.com');
insert into GymManager (ManagerID, FirstName, LastName, PhoneNumber, email) values (34, 'Catharine', 'Cellone', '567-420-0829', 'ccellonex@constantcontact.com');
insert into GymManager (ManagerID, FirstName, LastName, PhoneNumber, email) values (35, 'Antonin', 'Libri', '166-816-7488', 'alibriy@amazon.com');
insert into GymManager (ManagerID, FirstName, LastName, PhoneNumber, email) values (36, 'Janela', 'Lasty', '416-111-0778', 'jlastyz@washingtonpost.com');
insert into GymManager (ManagerID, FirstName, LastName, PhoneNumber, email) values (37, 'Lura', 'Simnell', '357-287-7826', 'lsimnell10@jigsy.com');
insert into GymManager (ManagerID, FirstName, LastName, PhoneNumber, email) values (38, 'Jenelle', 'Swiggs', '320-197-1038', 'jswiggs11@smugmug.com');
insert into GymManager (ManagerID, FirstName, LastName, PhoneNumber, email) values (39, 'Magdalene', 'Petran', '718-370-5948', 'mpetran12@netvibes.com');
insert into GymManager (ManagerID, FirstName, LastName, PhoneNumber, email) values (40, 'Terrel', 'Dooher', '486-256-1918', 'tdooher13@slate.com');
insert into GymManager (ManagerID, FirstName, LastName, PhoneNumber, email) values (41, 'Edi', 'McGeady', '380-495-8556', 'emcgeady14@biglobe.ne.jp');
insert into GymManager (ManagerID, FirstName, LastName, PhoneNumber, email) values (42, 'Shawna', 'Blais', '266-311-3511', 'sblais15@weebly.com');
insert into GymManager (ManagerID, FirstName, LastName, PhoneNumber, email) values (43, 'Nata', 'McCaster', '904-514-2946', 'nmccaster16@mayoclinic.com');
insert into GymManager (ManagerID, FirstName, LastName, PhoneNumber, email) values (44, 'Lenette', 'Wooff', '543-356-1714', 'lwooff17@eepurl.com');
insert into GymManager (ManagerID, FirstName, LastName, PhoneNumber, email) values (45, 'Roch', 'Reihill', '828-929-0098', 'rreihill18@wiley.com');
insert into GymManager (ManagerID, FirstName, LastName, PhoneNumber, email) values (46, 'Marie-ann', 'Moggie', '608-924-2231', 'mmoggie19@sbwire.com');
insert into GymManager (ManagerID, FirstName, LastName, PhoneNumber, email) values (47, 'Jimmy', 'Hebblethwaite', '438-909-4375', 'jhebblethwaite1a@ocn.ne.jp');
insert into GymManager (ManagerID, FirstName, LastName, PhoneNumber, email) values (48, 'Swen', 'Poundesford', '864-511-7387', 'spoundesford1b@tamu.edu');
insert into GymManager (ManagerID, FirstName, LastName, PhoneNumber, email) values (49, 'Wendye', 'Romanini', '953-785-4498', 'wromanini1c@oaic.gov.au');
insert into GymManager (ManagerID, FirstName, LastName, PhoneNumber, email) values (50, 'Phillis', 'Wickwar', '761-661-2249', 'pwickwar1d@e-recht24.de');
# 50 records

#
# Dumping data for table Facilities
#

insert into Facilities (EquipmentID, PurchaseDate, LastMaintenanceDate, Name, Manufacturer, Condition, ManagerID) values (1, '9/22/2013', '11/13/2023', 'leg press', 'Matrix', 'excellent', 7);
insert into Facilities (EquipmentID, PurchaseDate, LastMaintenanceDate, Name, Manufacturer, Condition, ManagerID) values (2, '4/21/2021', '11/16/2023', 'dumbbell rack', 'Technogym', 'poor', 10);
insert into Facilities (EquipmentID, PurchaseDate, LastMaintenanceDate, Name, Manufacturer, Condition, ManagerID) values (3, '12/14/2018', '11/10/2023', 'elliptical', 'Nautilus', 'poor', 3);
insert into Facilities (EquipmentID, PurchaseDate, LastMaintenanceDate, Name, Manufacturer, Condition, ManagerID) values (4, '11/8/2017', '11/21/2023', 'stationary bike', 'Octane Fitness', 'fair', 43);
insert into Facilities (EquipmentID, PurchaseDate, LastMaintenanceDate, Name, Manufacturer, Condition, ManagerID) values (5, '10/3/2013', '10/24/2023', 'weight bench', 'Octane Fitness', 'fair', 6);
insert into Facilities (EquipmentID, PurchaseDate, LastMaintenanceDate, Name, Manufacturer, Condition, ManagerID) values (6, '8/27/2015', '10/7/2023', 'weight bench', 'Octane Fitness', 'fair', '47');
insert into Facilities (EquipmentID, PurchaseDate, LastMaintenanceDate, Name, Manufacturer, Condition, ManagerID) values (7, '2/17/2023', '10/28/2023', 'pull-up bar', 'Life Fitness', 'good', '22');
insert into Facilities (EquipmentID, PurchaseDate, LastMaintenanceDate, Name, Manufacturer, Condition, ManagerID) values (8, '9/14/2019', '11/7/2023', 'leg press', 'Technogym', 'excellent', '8');
insert into Facilities (EquipmentID, PurchaseDate, LastMaintenanceDate, Name, Manufacturer, Condition, ManagerID) values (9, '9/22/2023', '10/29/2023', 'dumbbell rack', 'Nautilus', 'poor', '37');
insert into Facilities (EquipmentID, PurchaseDate, LastMaintenanceDate, Name, Manufacturer, Condition, ManagerID) values (10, '4/27/2022', '10/16/2023', 'treadmill', 'Body-Solid', 'poor', '49');
insert into Facilities (EquipmentID, PurchaseDate, LastMaintenanceDate, Name, Manufacturer, Condition, ManagerID) values (11, '12/17/2015', '11/6/2023', 'pull-up bar', 'Technogym', 'good', '48');
insert into Facilities (EquipmentID, PurchaseDate, LastMaintenanceDate, Name, Manufacturer, Condition, ManagerID) values (12, '7/12/2023', '10/6/2023', 'elliptical', 'Cybex', 'poor', '19');
insert into Facilities (EquipmentID, PurchaseDate, LastMaintenanceDate, Name, Manufacturer, Condition, ManagerID) values (13, '2/16/2013', '10/24/2023', 'dumbbell rack', 'Precor', 'good', '17');
insert into Facilities (EquipmentID, PurchaseDate, LastMaintenanceDate, Name, Manufacturer, Condition, ManagerID) values (14, '4/15/2022', '10/6/2023', 'weight bench', 'Octane Fitness', 'good', '13');
insert into Facilities (EquipmentID, PurchaseDate, LastMaintenanceDate, Name, Manufacturer, Condition, ManagerID) values (15, '1/22/2020', '11/25/2023', 'rowing machine', 'Hammer Strength', 'excellent', '14');
insert into Facilities (EquipmentID, PurchaseDate, LastMaintenanceDate, Name, Manufacturer, Condition, ManagerID) values (16, '11/28/2016', '10/7/2023', 'rowing machine', 'Precor', 'good', '32');
insert into Facilities (EquipmentID, PurchaseDate, LastMaintenanceDate, Name, Manufacturer, Condition, ManagerID) values (17, '7/26/2015', '11/22/2023', 'dumbbell rack', 'Matrix', 'poor', '26');
insert into Facilities (EquipmentID, PurchaseDate, LastMaintenanceDate, Name, Manufacturer, Condition, ManagerID) values (18, '9/25/2013', '11/10/2023', 'weight bench', 'Hammer Strength', 'excellent', '15');
insert into Facilities (EquipmentID, PurchaseDate, LastMaintenanceDate, Name, Manufacturer, Condition, ManagerID) values (19, '6/23/2020', '12/4/2023', 'stationary bike', 'Technogym', 'fair', '36');
insert into Facilities (EquipmentID, PurchaseDate, LastMaintenanceDate, Name, Manufacturer, Condition, ManagerID) values (20, '10/11/2016', '10/14/2023', 'stationary bike', 'Life Fitness', 'good', '1');
insert into Facilities (EquipmentID, PurchaseDate, LastMaintenanceDate, Name, Manufacturer, Condition, ManagerID) values (21, '2/6/2014', '10/17/2023', 'weight bench', 'Body-Solid', 'poor', '40');
insert into Facilities (EquipmentID, PurchaseDate, LastMaintenanceDate, Name, Manufacturer, Condition, ManagerID) values (22, '1/8/2014', '10/27/2023', 'pull-up bar', 'Life Fitness', 'fair', '11');
insert into Facilities (EquipmentID, PurchaseDate, LastMaintenanceDate, Name, Manufacturer, Condition, ManagerID) values (23, '10/1/2016', '11/5/2023', 'rowing machine', 'Octane Fitness', 'poor', '27');
insert into Facilities (EquipmentID, PurchaseDate, LastMaintenanceDate, Name, Manufacturer, Condition, ManagerID) values (24, '11/8/2014', '11/21/2023', 'rowing machine', 'Technogym', 'poor', '38');
insert into Facilities (EquipmentID, PurchaseDate, LastMaintenanceDate, Name, Manufacturer, Condition, ManagerID) values (25, '8/13/2011', '11/18/2023', 'rowing machine', 'Life Fitness', 'poor', '9');
insert into Facilities (EquipmentID, PurchaseDate, LastMaintenanceDate, Name, Manufacturer, Condition, ManagerID) values (26, '3/10/2011', '12/4/2023', 'weight bench', 'Precor', 'poor', '35');
insert into Facilities (EquipmentID, PurchaseDate, LastMaintenanceDate, Name, Manufacturer, Condition, ManagerID) values (27, '6/16/2022', '10/30/2023', 'dumbbell rack', 'Body-Solid', 'excellent', '28');
insert into Facilities (EquipmentID, PurchaseDate, LastMaintenanceDate, Name, Manufacturer, Condition, ManagerID) values (28, '11/12/2013', '10/11/2023', 'leg press', 'Cybex', 'good', '33');
insert into Facilities (EquipmentID, PurchaseDate, LastMaintenanceDate, Name, Manufacturer, Condition, ManagerID) values (29, '10/23/2021', '11/21/2023', 'pull-up bar', 'Body-Solid', 'poor', '20');
insert into Facilities (EquipmentID, PurchaseDate, LastMaintenanceDate, Name, Manufacturer, Condition, ManagerID) values (30, '1/22/2012', '12/3/2023', 'weight bench', 'Hammer Strength', 'excellent', '42');
insert into Facilities (EquipmentID, PurchaseDate, LastMaintenanceDate, Name, Manufacturer, Condition, ManagerID) values (31, '7/27/2019', '11/20/2023', 'weight bench', 'Star Trac', 'excellent', '24');
insert into Facilities (EquipmentID, PurchaseDate, LastMaintenanceDate, Name, Manufacturer, Condition, ManagerID) values (32, '8/19/2011', '11/11/2023', 'weight bench', 'Technogym', 'fair', '30');
insert into Facilities (EquipmentID, PurchaseDate, LastMaintenanceDate, Name, Manufacturer, Condition, ManagerID) values (33, '2/20/2023', '11/10/2023', 'elliptical', 'Body-Solid', 'good', '2');
insert into Facilities (EquipmentID, PurchaseDate, LastMaintenanceDate, Name, Manufacturer, Condition, ManagerID) values (34, '12/12/2012', '12/2/2023', 'dumbbell rack', 'Octane Fitness', 'excellent', '34');
insert into Facilities (EquipmentID, PurchaseDate, LastMaintenanceDate, Name, Manufacturer, Condition, ManagerID) values (35, '9/13/2016', '11/12/2023', 'treadmill', 'Precor', 'good', '4');
insert into Facilities (EquipmentID, PurchaseDate, LastMaintenanceDate, Name, Manufacturer, Condition, ManagerID) values (36, '9/4/2013', '11/2/2023', 'stationary bike', 'Hammer Strength', 'good', '31');
insert into Facilities (EquipmentID, PurchaseDate, LastMaintenanceDate, Name, Manufacturer, Condition, ManagerID) values (37, '6/22/2011', '11/29/2023', 'rowing machine', 'Matrix', 'poor', '45');
insert into Facilities (EquipmentID, PurchaseDate, LastMaintenanceDate, Name, Manufacturer, Condition, ManagerID) values (38, '11/12/2015', '11/28/2023', 'leg press', 'Octane Fitness', 'good', '21');
insert into Facilities (EquipmentID, PurchaseDate, LastMaintenanceDate, Name, Manufacturer, Condition, ManagerID) values (39, '5/5/2012', '11/17/2023', 'weight bench', 'Technogym', 'good', '23');
insert into Facilities (EquipmentID, PurchaseDate, LastMaintenanceDate, Name, Manufacturer, Condition, ManagerID) values (40, '1/27/2011', '10/8/2023', 'elliptical', 'Octane Fitness', 'good', '39');
insert into Facilities (EquipmentID, PurchaseDate, LastMaintenanceDate, Name, Manufacturer, Condition, ManagerID) values (41, '7/5/2013', '11/18/2023', 'leg press', 'Life Fitness', 'poor', '41');
insert into Facilities (EquipmentID, PurchaseDate, LastMaintenanceDate, Name, Manufacturer, Condition, ManagerID) values (42, '9/7/2015', '11/27/2023', 'treadmill', 'Hammer Strength', 'excellent', '16');
insert into Facilities (EquipmentID, PurchaseDate, LastMaintenanceDate, Name, Manufacturer, Condition, ManagerID) values (43, '12/1/2016', '11/10/2023', 'rowing machine', 'Star Trac', 'fair', '29');
insert into Facilities (EquipmentID, PurchaseDate, LastMaintenanceDate, Name, Manufacturer, Condition, ManagerID) values (44, '1/30/2011', '11/12/2023', 'rowing machine', 'Hammer Strength', 'excellent', '5');
insert into Facilities (EquipmentID, PurchaseDate, LastMaintenanceDate, Name, Manufacturer, Condition, ManagerID) values (45, '8/13/2021', '11/8/2023', 'treadmill', 'Star Trac', 'good', '25');
insert into Facilities (EquipmentID, PurchaseDate, LastMaintenanceDate, Name, Manufacturer, Condition, ManagerID) values (46, '11/4/2016', '11/29/2023', 'treadmill', 'Technogym', 'fair', '46');
insert into Facilities (EquipmentID, PurchaseDate, LastMaintenanceDate, Name, Manufacturer, Condition, ManagerID) values (47, '10/18/2016', '10/18/2023', 'treadmill', 'Nautilus', 'fair', '44');
insert into Facilities (EquipmentID, PurchaseDate, LastMaintenanceDate, Name, Manufacturer, Condition, ManagerID) values (48, '8/27/2019', '10/15/2023', 'pull-up bar', 'Technogym', 'good', '18');
insert into Facilities (EquipmentID, PurchaseDate, LastMaintenanceDate, Name, Manufacturer, Condition, ManagerID) values (49, '9/12/2015', '11/17/2023', 'dumbbell rack', 'Life Fitness', 'good', '50');
insert into Facilities (EquipmentID, PurchaseDate, LastMaintenanceDate, Name, Manufacturer, Condition, ManagerID) values (50, '2/13/2018', '10/8/2023', 'dumbbell rack', 'Octane Fitness', 'excellent', '12');
# 50 records

#
# Dumping data for table Trainers
#

insert into Trainers (TrainerID, PhoneNumber, LastName, FirstName, Email, ManagerID) values (1, '694-866-7814', 'Fleet', 'Jillene', 'jfleet0@yelp.com', '44');
insert into Trainers (TrainerID, PhoneNumber, LastName, FirstName, Email, ManagerID) values (2, '137-760-0677', 'Haith', 'Amity', 'ahaith1@ebay.co.uk', '12');
insert into Trainers (TrainerID, PhoneNumber, LastName, FirstName, Email, ManagerID) values (3, '969-381-7264', 'Flukes', 'Mattheus', 'mflukes2@answers.com', '15');
insert into Trainers (TrainerID, PhoneNumber, LastName, FirstName, Email, ManagerID) values (4, '431-366-5878', 'Morffew', 'Blondelle', 'bmorffew3@oaic.gov.au', '36');
insert into Trainers (TrainerID, PhoneNumber, LastName, FirstName, Email, ManagerID) values (5, '531-235-3203', 'Fordy', 'Estevan', 'efordy4@archive.org', '16');
insert into Trainers (TrainerID, PhoneNumber, LastName, FirstName, Email, ManagerID) values (6, '632-182-7851', 'Attrey', 'Jenn', 'jattrey5@xing.com', '4');
insert into Trainers (TrainerID, PhoneNumber, LastName, FirstName, Email, ManagerID) values (7, '740-378-8941', 'Stroyan', 'Panchito', 'pstroyan6@i2i.jp', '34');
insert into Trainers (TrainerID, PhoneNumber, LastName, FirstName, Email, ManagerID) values (8, '491-399-6995', 'Wanless', 'Hank', 'hwanless7@irs.gov', '43');
insert into Trainers (TrainerID, PhoneNumber, LastName, FirstName, Email, ManagerID) values (9, '619-481-0920', 'Crispe', 'Jolee', 'jcrispe8@cafepress.com', '6');
insert into Trainers (TrainerID, PhoneNumber, LastName, FirstName, Email, ManagerID) values (10, '640-764-1620', 'Cosin', 'Ariel', 'acosin9@walmart.com', '14');
insert into Trainers (TrainerID, PhoneNumber, LastName, FirstName, Email, ManagerID) values (11, '301-464-8125', 'Teall', 'Ruddy', 'rtealla@noaa.gov', '42');
insert into Trainers (TrainerID, PhoneNumber, LastName, FirstName, Email, ManagerID) values (12, '460-716-6438', 'Peckitt', 'Dian', 'dpeckittb@wordpress.org', '41');
insert into Trainers (TrainerID, PhoneNumber, LastName, FirstName, Email, ManagerID) values (13, '418-856-2564', 'Van den Velden', 'Juliet', 'jvandenveldenc@vinaora.com', '49');
insert into Trainers (TrainerID, PhoneNumber, LastName, FirstName, Email, ManagerID) values (14, '226-358-4161', 'Kynforth', 'Spenser', 'skynforthd@google.ru', '50');
insert into Trainers (TrainerID, PhoneNumber, LastName, FirstName, Email, ManagerID) values (15, '379-995-9921', 'Devonside', 'Neale', 'ndevonsidee@spiegel.de', '39');
insert into Trainers (TrainerID, PhoneNumber, LastName, FirstName, Email, ManagerID) values (16, '194-823-6297', 'Wrassell', 'Julienne', 'jwrassellf@arstechnica.com', '22');
insert into Trainers (TrainerID, PhoneNumber, LastName, FirstName, Email, ManagerID) values (17, '857-931-2412', 'Woliter', 'Magdalena', 'mwoliterg@sciencedaily.com', '29');
insert into Trainers (TrainerID, PhoneNumber, LastName, FirstName, Email, ManagerID) values (18, '501-817-1693', 'Stewart', 'Nanete', 'nstewarth@ucla.edu', '9');
insert into Trainers (TrainerID, PhoneNumber, LastName, FirstName, Email, ManagerID) values (19, '388-511-8252', 'Strut', 'Jerad', 'jstruti@squarespace.com', '19');
insert into Trainers (TrainerID, PhoneNumber, LastName, FirstName, Email, ManagerID) values (20, '312-429-1518', 'Mankor', 'Murry', 'mmankorj@prnewswire.com', '37');
insert into Trainers (TrainerID, PhoneNumber, LastName, FirstName, Email, ManagerID) values (21, '541-654-1857', 'Seale', 'Ursuline', 'usealek@joomla.org', '13');
insert into Trainers (TrainerID, PhoneNumber, LastName, FirstName, Email, ManagerID) values (22, '171-107-1672', 'Blampy', 'Hugibert', 'hblampyl@ustream.tv', '26');
insert into Trainers (TrainerID, PhoneNumber, LastName, FirstName, Email, ManagerID) values (23, '935-700-1844', 'Paolini', 'Sigismond', 'spaolinim@oakley.com', '25');
insert into Trainers (TrainerID, PhoneNumber, LastName, FirstName, Email, ManagerID) values (24, '138-839-0508', 'Antonsen', 'Ali', 'aantonsenn@merriam-webster.com', '20');
insert into Trainers (TrainerID, PhoneNumber, LastName, FirstName, Email, ManagerID) values (25, '765-565-8920', 'Llorente', 'Thorvald', 'tllorenteo@yelp.com', '33');
insert into Trainers (TrainerID, PhoneNumber, LastName, FirstName, Email, ManagerID) values (26, '792-950-3904', 'Varns', 'Carmelle', 'cvarnsp@github.io', '5');
insert into Trainers (TrainerID, PhoneNumber, LastName, FirstName, Email, ManagerID) values (27, '873-225-3240', 'Abba', 'Rickie', 'rabbaq@dmoz.org', '48');
insert into Trainers (TrainerID, PhoneNumber, LastName, FirstName, Email, ManagerID) values (28, '752-895-4490', 'Hadfield', 'Hogan', 'hhadfieldr@gmpg.org', '24');
insert into Trainers (TrainerID, PhoneNumber, LastName, FirstName, Email, ManagerID) values (29, '199-298-2491', 'Capelin', 'Merola', 'mcapelins@tripod.com', '38');
insert into Trainers (TrainerID, PhoneNumber, LastName, FirstName, Email, ManagerID) values (30, '355-613-4585', 'Boler', 'Pip', 'pbolert@eepurl.com', '18');
insert into Trainers (TrainerID, PhoneNumber, LastName, FirstName, Email, ManagerID) values (31, '436-250-0347', 'Gavozzi', 'Billy', 'bgavozziu@salon.com', '10');
insert into Trainers (TrainerID, PhoneNumber, LastName, FirstName, Email, ManagerID) values (32, '247-376-4889', 'Coffelt', 'Trip', 'tcoffeltv@gnu.org', '8');
insert into Trainers (TrainerID, PhoneNumber, LastName, FirstName, Email, ManagerID) values (33, '867-754-1623', 'Buckoke', 'Farris', 'fbuckokew@time.com', '47');
insert into Trainers (TrainerID, PhoneNumber, LastName, FirstName, Email, ManagerID) values (34, '600-391-2181', 'Grinov', 'Jonie', 'jgrinovx@instagram.com', '21');
insert into Trainers (TrainerID, PhoneNumber, LastName, FirstName, Email, ManagerID) values (35, '243-820-5575', 'Hellmore', 'Gasper', 'ghellmorey@cdc.gov', '27');
insert into Trainers (TrainerID, PhoneNumber, LastName, FirstName, Email, ManagerID) values (36, '163-641-2321', 'Dibley', 'Olenka', 'odibleyz@biglobe.ne.jp', '30');
insert into Trainers (TrainerID, PhoneNumber, LastName, FirstName, Email, ManagerID) values (37, '380-190-8941', 'Heninghem', 'Ariel', 'aheninghem10@squarespace.com', '40');
insert into Trainers (TrainerID, PhoneNumber, LastName, FirstName, Email, ManagerID) values (38, '341-228-2214', 'Goodram', 'Sigfrid', 'sgoodram11@etsy.com', '45');
insert into Trainers (TrainerID, PhoneNumber, LastName, FirstName, Email, ManagerID) values (39, '580-916-6420', 'McWhorter', 'Danny', 'dmcwhorter12@usa.gov', '1');
insert into Trainers (TrainerID, PhoneNumber, LastName, FirstName, Email, ManagerID) values (40, '333-237-4676', 'Lodemann', 'Early', 'elodemann13@wired.com', '23');
insert into Trainers (TrainerID, PhoneNumber, LastName, FirstName, Email, ManagerID) values (41, '632-954-6029', 'Dickons', 'Ricardo', 'rdickons14@ed.gov', '35');
insert into Trainers (TrainerID, PhoneNumber, LastName, FirstName, Email, ManagerID) values (42, '378-802-3365', 'Totman', 'Esdras', 'etotman15@dedecms.com', '11');
insert into Trainers (TrainerID, PhoneNumber, LastName, FirstName, Email, ManagerID) values (43, '832-788-8564', 'Cuningham', 'Rusty', 'rcuningham16@parallels.com', '17');
insert into Trainers (TrainerID, PhoneNumber, LastName, FirstName, Email, ManagerID) values (44, '202-122-2755', 'Drysdale', 'Margi', 'mdrysdale17@dmoz.org', '2');
insert into Trainers (TrainerID, PhoneNumber, LastName, FirstName, Email, ManagerID) values (45, '644-367-3644', 'O''Lennane', 'Tabitha', 'tolennane18@amazon.co.jp', '7');
insert into Trainers (TrainerID, PhoneNumber, LastName, FirstName, Email, ManagerID) values (46, '643-405-7273', 'Tumilson', 'Sibby', 'stumilson19@ask.com', '32');
insert into Trainers (TrainerID, PhoneNumber, LastName, FirstName, Email, ManagerID) values (47, '179-629-4100', 'Massingberd', 'Colan', 'cmassingberd1a@sitemeter.com', '31');
insert into Trainers (TrainerID, PhoneNumber, LastName, FirstName, Email, ManagerID) values (48, '429-186-8351', 'Matthis', 'Jock', 'jmatthis1b@jigsy.com', '28');
insert into Trainers (TrainerID, PhoneNumber, LastName, FirstName, Email, ManagerID) values (49, '852-407-2336', 'Sondland', 'Mordy', 'msondland1c@lycos.com', '46');
insert into Trainers (TrainerID, PhoneNumber, LastName, FirstName, Email, ManagerID) values (50, '578-469-6206', 'McLucky', 'Hollie', 'hmclucky1d@answers.com', '3');
# 50 records

#
# Dumping data for table TrainerSchedule
#

insert into TrainerSchedule (Availability, TrainerID) values ('2024-02-24 22:21:56', '20');
insert into TrainerSchedule (Availability, TrainerID) values ('2024-01-07 13:39:19', '4');
insert into TrainerSchedule (Availability, TrainerID) values ('2024-02-18 18:01:59', '41');
insert into TrainerSchedule (Availability, TrainerID) values ('2023-12-06 20:35:25', '50');
insert into TrainerSchedule (Availability, TrainerID) values ('2024-03-12 12:41:24', '19');
insert into TrainerSchedule (Availability, TrainerID) values ('2023-12-05 17:44:24', '47');
insert into TrainerSchedule (Availability, TrainerID) values ('2024-02-13 07:08:09', '26');
insert into TrainerSchedule (Availability, TrainerID) values ('2023-12-18 21:00:32', '6');
insert into TrainerSchedule (Availability, TrainerID) values ('2023-12-25 09:52:43', '23');
insert into TrainerSchedule (Availability, TrainerID) values ('2024-01-05 20:31:32', '15');
insert into TrainerSchedule (Availability, TrainerID) values ('2024-01-25 21:17:20', '33');
insert into TrainerSchedule (Availability, TrainerID) values ('2024-02-01 10:11:09', '9');
insert into TrainerSchedule (Availability, TrainerID) values ('2024-02-05 18:57:31', '45');
insert into TrainerSchedule (Availability, TrainerID) values ('2024-02-04 16:04:19', '25');
insert into TrainerSchedule (Availability, TrainerID) values ('2023-12-24 17:14:31', '44');
insert into TrainerSchedule (Availability, TrainerID) values ('2023-12-28 10:43:10', '40');
insert into TrainerSchedule (Availability, TrainerID) values ('2024-02-09 08:24:35', '3');
insert into TrainerSchedule (Availability, TrainerID) values ('2023-12-15 15:16:13', '39');
insert into TrainerSchedule (Availability, TrainerID) values ('2024-02-24 09:27:00', '30');
insert into TrainerSchedule (Availability, TrainerID) values ('2024-02-11 19:18:25', '24');
insert into TrainerSchedule (Availability, TrainerID) values ('2023-12-19 12:58:10', '11');
insert into TrainerSchedule (Availability, TrainerID) values ('2024-01-03 18:41:21', '37');
insert into TrainerSchedule (Availability, TrainerID) values ('2024-03-05 14:22:16', '17');
insert into TrainerSchedule (Availability, TrainerID) values ('2024-02-11 08:58:14', '21');
insert into TrainerSchedule (Availability, TrainerID) values ('2024-01-18 04:24:33', '46');
insert into TrainerSchedule (Availability, TrainerID) values ('2023-12-26 23:13:55', '13');
insert into TrainerSchedule (Availability, TrainerID) values ('2024-03-07 11:37:16', '8');
insert into TrainerSchedule (Availability, TrainerID) values ('2023-12-29 03:31:13', '42');
insert into TrainerSchedule (Availability, TrainerID) values ('2023-12-25 00:17:14', '18');
insert into TrainerSchedule (Availability, TrainerID) values ('2023-12-18 02:31:07', '35');
insert into TrainerSchedule (Availability, TrainerID) values ('2023-12-27 11:06:05', '43');
insert into TrainerSchedule (Availability, TrainerID) values ('2024-02-02 16:05:50', '27');
insert into TrainerSchedule (Availability, TrainerID) values ('2024-01-15 07:36:28', '28');
insert into TrainerSchedule (Availability, TrainerID) values ('2024-01-31 14:58:42', '32');
insert into TrainerSchedule (Availability, TrainerID) values ('2023-12-20 15:30:55', '36');
insert into TrainerSchedule (Availability, TrainerID) values ('2024-02-18 16:02:29', '1');
insert into TrainerSchedule (Availability, TrainerID) values ('2024-02-28 00:47:34', '7');
insert into TrainerSchedule (Availability, TrainerID) values ('2024-02-19 06:31:59', '2');
insert into TrainerSchedule (Availability, TrainerID) values ('2023-12-05 08:57:55', '48');
insert into TrainerSchedule (Availability, TrainerID) values ('2023-12-15 21:19:46', '38');
insert into TrainerSchedule (Availability, TrainerID) values ('2024-03-08 19:49:18', '16');
insert into TrainerSchedule (Availability, TrainerID) values ('2024-02-21 18:49:20', '5');
insert into TrainerSchedule (Availability, TrainerID) values ('2024-02-13 12:46:15', '29');
insert into TrainerSchedule (Availability, TrainerID) values ('2023-12-28 16:00:56', '12');
insert into TrainerSchedule (Availability, TrainerID) values ('2023-12-14 02:57:26', '34');
insert into TrainerSchedule (Availability, TrainerID) values ('2024-01-22 10:37:31', '49');
insert into TrainerSchedule (Availability, TrainerID) values ('2024-01-01 10:36:38', '14');
insert into TrainerSchedule (Availability, TrainerID) values ('2024-02-08 01:48:10', '22');
insert into TrainerSchedule (Availability, TrainerID) values ('2024-02-28 23:42:20', '10');
insert into TrainerSchedule (Availability, TrainerID) values ('2024-03-14 19:45:42', '31');
# 50 records

#
# Dumping data for table TrainerResources
#

insert into TrainerResources (Workout, Duration, Intensity, TrainerID) values ('shoulder press', '2 sets of 15 reps', 'light', '28');
insert into TrainerResources (Workout, Duration, Intensity, TrainerID) values ('lunges', '4 sets of 12 reps', 'intense', '8');
insert into TrainerResources (Workout, Duration, Intensity, TrainerID) values ('lunges', '3 sets of 10 reps', 'light', '13');
insert into TrainerResources (Workout, Duration, Intensity, TrainerID) values ('lunges', '3 sets of 10 reps', 'low intensity', '45');
insert into TrainerResources (Workout, Duration, Intensity, TrainerID) values ('bench press', '6 sets of 6 reps', 'light', '9');
insert into TrainerResources (Workout, Duration, Intensity, TrainerID) values ('deadlift', '5 sets of 8 reps', 'high intensity', '17');
insert into TrainerResources (Workout, Duration, Intensity, TrainerID) values ('deadlift', '4 sets of 12 reps', 'light', '35');
insert into TrainerResources (Workout, Duration, Intensity, TrainerID) values ('deadlift', '3 sets of 10 reps', 'moderate', '12');
insert into TrainerResources (Workout, Duration, Intensity, TrainerID) values ('back squat', '2 sets of 15 reps', 'moderate', '1');
insert into TrainerResources (Workout, Duration, Intensity, TrainerID) values ('lunges', '4 sets of 12 reps', 'low intensity', '19');
insert into TrainerResources (Workout, Duration, Intensity, TrainerID) values ('bench press', '2 sets of 15 reps', 'moderate', '34');
insert into TrainerResources (Workout, Duration, Intensity, TrainerID) values ('shoulder press', '3 sets of 10 reps', 'moderate', '49');
insert into TrainerResources (Workout, Duration, Intensity, TrainerID) values ('back squat', '5 sets of 8 reps', 'moderate', '15');
insert into TrainerResources (Workout, Duration, Intensity, TrainerID) values ('bench press', '6 sets of 6 reps', 'low intensity', '29');
insert into TrainerResources (Workout, Duration, Intensity, TrainerID) values ('back squat', '4 sets of 12 reps', 'moderate', '40');
insert into TrainerResources (Workout, Duration, Intensity, TrainerID) values ('shoulder press', '5 sets of 8 reps', 'intense', '48');
insert into TrainerResources (Workout, Duration, Intensity, TrainerID) values ('back squat', '3 sets of 10 reps', 'intense', '2');
insert into TrainerResources (Workout, Duration, Intensity, TrainerID) values ('shoulder press', '2 sets of 15 reps', 'high intensity', '44');
insert into TrainerResources (Workout, Duration, Intensity, TrainerID) values ('back squat', '4 sets of 12 reps', 'moderate', '24');
insert into TrainerResources (Workout, Duration, Intensity, TrainerID) values ('back squat', '2 sets of 15 reps', 'high intensity', '6');
insert into TrainerResources (Workout, Duration, Intensity, TrainerID) values ('back squat', '2 sets of 15 reps', 'low intensity', '7');
insert into TrainerResources (Workout, Duration, Intensity, TrainerID) values ('bench press', '2 sets of 15 reps', 'high intensity', '20');
insert into TrainerResources (Workout, Duration, Intensity, TrainerID) values ('deadlift', '6 sets of 6 reps', 'moderate', '5');
insert into TrainerResources (Workout, Duration, Intensity, TrainerID) values ('lunges', '6 sets of 6 reps', 'light', '37');
insert into TrainerResources (Workout, Duration, Intensity, TrainerID) values ('back squat', '2 sets of 15 reps', 'low intensity', '50');
insert into TrainerResources (Workout, Duration, Intensity, TrainerID) values ('bench press', '2 sets of 15 reps', 'high intensity', '33');
insert into TrainerResources (Workout, Duration, Intensity, TrainerID) values ('bench press', '5 sets of 8 reps', 'moderate', '38');
insert into TrainerResources (Workout, Duration, Intensity, TrainerID) values ('bench press', '3 sets of 10 reps', 'light', '39');
insert into TrainerResources (Workout, Duration, Intensity, TrainerID) values ('back squat', '5 sets of 8 reps', 'moderate', '42');
insert into TrainerResources (Workout, Duration, Intensity, TrainerID) values ('back squat', '2 sets of 15 reps', 'high intensity', '16');
insert into TrainerResources (Workout, Duration, Intensity, TrainerID) values ('bench press', '6 sets of 6 reps', 'low intensity', '41');
insert into TrainerResources (Workout, Duration, Intensity, TrainerID) values ('back squat', '6 sets of 6 reps', 'moderate', '21');
insert into TrainerResources (Workout, Duration, Intensity, TrainerID) values ('shoulder press', '6 sets of 6 reps', 'low intensity', '31');
insert into TrainerResources (Workout, Duration, Intensity, TrainerID) values ('deadlift', '3 sets of 10 reps', 'moderate', '47');
insert into TrainerResources (Workout, Duration, Intensity, TrainerID) values ('lunges', '5 sets of 8 reps', 'low intensity', '46');
insert into TrainerResources (Workout, Duration, Intensity, TrainerID) values ('deadlift', '2 sets of 15 reps', 'low intensity', '36');
insert into TrainerResources (Workout, Duration, Intensity, TrainerID) values ('deadlift', '3 sets of 10 reps', 'intense', '4');
insert into TrainerResources (Workout, Duration, Intensity, TrainerID) values ('back squat', '6 sets of 6 reps', 'high intensity', '3');
insert into TrainerResources (Workout, Duration, Intensity, TrainerID) values ('lunges', '3 sets of 10 reps', 'high intensity', '11');
insert into TrainerResources (Workout, Duration, Intensity, TrainerID) values ('bench press', '5 sets of 8 reps', 'high intensity', '10');
insert into TrainerResources (Workout, Duration, Intensity, TrainerID) values ('shoulder press', '5 sets of 8 reps', 'intense', '30');
insert into TrainerResources (Workout, Duration, Intensity, TrainerID) values ('bench press', '5 sets of 8 reps', 'moderate', '43');
insert into TrainerResources (Workout, Duration, Intensity, TrainerID) values ('lunges', '3 sets of 10 reps', 'high intensity', '22');
insert into TrainerResources (Workout, Duration, Intensity, TrainerID) values ('deadlift', '3 sets of 10 reps', 'intense', '32');
insert into TrainerResources (Workout, Duration, Intensity, TrainerID) values ('bench press', '3 sets of 10 reps', 'moderate', '27');
insert into TrainerResources (Workout, Duration, Intensity, TrainerID) values ('bench press', '5 sets of 8 reps', 'intense', '14');
insert into TrainerResources (Workout, Duration, Intensity, TrainerID) values ('back squat', '5 sets of 8 reps', 'high intensity', '18');
insert into TrainerResources (Workout, Duration, Intensity, TrainerID) values ('back squat', '4 sets of 12 reps', 'intense', '25');
insert into TrainerResources (Workout, Duration, Intensity, TrainerID) values ('bench press', '6 sets of 6 reps', 'light', '23');
insert into TrainerResources (Workout, Duration, Intensity, TrainerID) values ('lunges', '4 sets of 12 reps', 'moderate', '26');
# 50 records

#
# Dumping data for table Nutrionists
#

insert into Nutritionists (NutrionistID, FirstName, LastName, PhoneNumber, Email, ManagerID) values (1, 'Lettie', 'Blackmore', '668-731-5123', 'lblackmore0@bravesites.com', '28');
insert into Nutritionists (NutrionistID, FirstName, LastName, PhoneNumber, Email, ManagerID) values (2, 'Mireille', 'April', '548-385-0088', 'mapril1@arstechnica.com', '9');
insert into Nutritionists (NutrionistID, FirstName, LastName, PhoneNumber, Email, ManagerID) values (3, 'Sal', 'Bruffell', '150-482-6056', 'sbruffell2@utexas.edu', '11');
insert into Nutritionists (NutrionistID, FirstName, LastName, PhoneNumber, Email, ManagerID) values (4, 'Gabrielle', 'Garstan', '372-338-9102', 'ggarstan3@fotki.com', '45');
insert into Nutritionists (NutrionistID, FirstName, LastName, PhoneNumber, Email, ManagerID) values (5, 'Friedrich', 'Deakin', '502-135-0153', 'fdeakin4@pcworld.com', '10');
insert into Nutritionists (NutrionistID, FirstName, LastName, PhoneNumber, Email, ManagerID) values (6, 'Amye', 'Kleszinski', '192-915-4310', 'akleszinski5@sitemeter.com', '6');
insert into Nutritionists (NutrionistID, FirstName, LastName, PhoneNumber, Email, ManagerID) values (7, 'Archibald', 'Lamperd', '304-971-4193', 'alamperd6@constantcontact.com', '23');
insert into Nutritionists (NutrionistID, FirstName, LastName, PhoneNumber, Email, ManagerID) values (8, 'Kaylil', 'Leyes', '496-352-6096', 'kleyes7@youku.com', '15');
insert into Nutritionists (NutrionistID, FirstName, LastName, PhoneNumber, Email, ManagerID) values (9, 'Adriana', 'McAster', '945-929-2536', 'amcaster8@dailymail.co.uk', '25');
insert into Nutritionists (NutrionistID, FirstName, LastName, PhoneNumber, Email, ManagerID) values (10, 'Sissie', 'Kordas', '753-688-1014', 'skordas9@noaa.gov', '2');
insert into Nutritionists (NutrionistID, FirstName, LastName, PhoneNumber, Email, ManagerID) values (11, 'Connor', 'Scinelli', '542-851-5471', 'cscinellia@ebay.co.uk', '41');
insert into Nutritionists (NutrionistID, FirstName, LastName, PhoneNumber, Email, ManagerID) values (12, 'April', 'Corkhill', '700-834-3312', 'acorkhillb@bandcamp.com', '4');
insert into Nutritionists (NutrionistID, FirstName, LastName, PhoneNumber, Email, ManagerID) values (13, 'Danell', 'Stoneham', '218-459-2123', 'dstonehamc@histats.com', '46');
insert into Nutritionists (NutrionistID, FirstName, LastName, PhoneNumber, Email, ManagerID) values (14, 'Fae', 'Beckwith', '434-572-0629', 'fbeckwithd@house.gov', '36');
insert into Nutritionists (NutrionistID, FirstName, LastName, PhoneNumber, Email, ManagerID) values (15, 'My', 'Booty', '878-124-5469', 'mbootye@bandcamp.com', '35');
insert into Nutritionists (NutrionistID, FirstName, LastName, PhoneNumber, Email, ManagerID) values (16, 'Jemmie', 'Ellinor', '402-515-1712', 'jellinorf@mac.com', '1');
insert into Nutritionists (NutrionistID, FirstName, LastName, PhoneNumber, Email, ManagerID) values (17, 'Sander', 'Fison', '395-575-3868', 'sfisong@themeforest.net', '47');
insert into Nutritionists (NutrionistID, FirstName, LastName, PhoneNumber, Email, ManagerID) values (18, 'Brianne', 'Boag', '927-388-0139', 'bboagh@google.nl', '18');
insert into Nutritionists (NutrionistID, FirstName, LastName, PhoneNumber, Email, ManagerID) values (19, 'Stearn', 'Haydock', '940-709-8437', 'shaydocki@xinhuanet.com', '5');
insert into Nutritionists (NutrionistID, FirstName, LastName, PhoneNumber, Email, ManagerID) values (20, 'Lindsey', 'Goldthorpe', '608-640-8585', 'lgoldthorpej@dyndns.org', '3');
insert into Nutritionists (NutrionistID, FirstName, LastName, PhoneNumber, Email, ManagerID) values (21, 'Noll', 'Skaif', '564-634-2741', 'nskaifk@com.com', '39');
insert into Nutritionists (NutrionistID, FirstName, LastName, PhoneNumber, Email, ManagerID) values (22, 'Melanie', 'Marxsen', '931-107-6633', 'mmarxsenl@who.int', '43');
insert into Nutritionists (NutrionistID, FirstName, LastName, PhoneNumber, Email, ManagerID) values (23, 'Geraldine', 'Strangeways', '639-805-4885', 'gstrangewaysm@hhs.gov', '29');
insert into Nutritionists (NutrionistID, FirstName, LastName, PhoneNumber, Email, ManagerID) values (24, 'Billy', 'Haet', '499-519-9659', 'bhaetn@lycos.com', '20');
insert into Nutritionists (NutrionistID, FirstName, LastName, PhoneNumber, Email, ManagerID) values (25, 'Filmore', 'Andrioni', '955-752-6012', 'fandrionio@addthis.com', '24');
insert into Nutritionists (NutrionistID, FirstName, LastName, PhoneNumber, Email, ManagerID) values (26, 'Egon', 'Slidders', '926-808-3718', 'esliddersp@seattletimes.com', '34');
insert into Nutritionists (NutrionistID, FirstName, LastName, PhoneNumber, Email, ManagerID) values (27, 'Max', 'Jertz', '489-979-8214', 'mjertzq@topsy.com', '33');
insert into Nutritionists (NutrionistID, FirstName, LastName, PhoneNumber, Email, ManagerID) values (28, 'Lazarus', 'Cary', '678-224-1806', 'lcaryr@surveymonkey.com', '16');
insert into Nutritionists (NutrionistID, FirstName, LastName, PhoneNumber, Email, ManagerID) values (29, 'Godfry', 'Owtram', '170-691-7143', 'gowtrams@ifeng.com', '27');
insert into Nutritionists (NutrionistID, FirstName, LastName, PhoneNumber, Email, ManagerID) values (30, 'Doralin', 'Ramshaw', '247-475-2526', 'dramshawt@mapy.cz', '7');
insert into Nutritionists (NutrionistID, FirstName, LastName, PhoneNumber, Email, ManagerID) values (31, 'Mandy', 'Croxley', '866-707-8733', 'mcroxleyu@bbc.co.uk', '26');
insert into Nutritionists (NutrionistID, FirstName, LastName, PhoneNumber, Email, ManagerID) values (32, 'Billie', 'Assard', '424-446-6731', 'bassardv@edublogs.org', '22');
insert into Nutritionists (NutrionistID, FirstName, LastName, PhoneNumber, Email, ManagerID) values (33, 'Cherin', 'Bodicum', '901-253-4787', 'cbodicumw@mozilla.org', '38');
insert into Nutritionists (NutrionistID, FirstName, LastName, PhoneNumber, Email, ManagerID) values (34, 'Garvy', 'Godspeede', '427-184-6827', 'ggodspeedex@google.pl', '12');
insert into Nutritionists (NutrionistID, FirstName, LastName, PhoneNumber, Email, ManagerID) values (35, 'Kayla', 'Espinha', '120-608-0937', 'kespinhay@homestead.com', '31');
insert into Nutritionists (NutrionistID, FirstName, LastName, PhoneNumber, Email, ManagerID) values (36, 'Kayne', 'Ewbanke', '410-828-0796', 'kewbankez@tinyurl.com', '50');
insert into Nutritionists (NutrionistID, FirstName, LastName, PhoneNumber, Email, ManagerID) values (37, 'Delmor', 'Leveritt', '566-964-1217', 'dleveritt10@people.com.cn', '37');
insert into Nutritionists (NutrionistID, FirstName, LastName, PhoneNumber, Email, ManagerID) values (38, 'Silvio', 'Brun', '599-735-7619', 'sbrun11@liveinternet.ru', '17');
insert into Nutritionists (NutrionistID, FirstName, LastName, PhoneNumber, Email, ManagerID) values (39, 'Huey', 'Ellif', '875-939-5534', 'hellif12@uiuc.edu', '30');
insert into Nutritionists (NutrionistID, FirstName, LastName, PhoneNumber, Email, ManagerID) values (40, 'Sophie', 'Culligan', '825-385-4063', 'sculligan13@gravatar.com', '19');
insert into Nutritionists (NutrionistID, FirstName, LastName, PhoneNumber, Email, ManagerID) values (41, 'Kerry', 'Brenston', '616-826-5275', 'kbrenston14@com.com', '40');
insert into Nutritionists (NutrionistID, FirstName, LastName, PhoneNumber, Email, ManagerID) values (42, 'Lorant', 'Van Leijs', '299-813-4662', 'lvanleijs15@java.com', '14');
insert into Nutritionists (NutrionistID, FirstName, LastName, PhoneNumber, Email, ManagerID) values (43, 'Austin', 'Tarbett', '288-554-4524', 'atarbett16@people.com.cn', '49');
insert into Nutritionists (NutrionistID, FirstName, LastName, PhoneNumber, Email, ManagerID) values (44, 'Merola', 'Iorio', '944-225-4421', 'miorio17@ezinearticles.com', '8');
insert into Nutritionists (NutrionistID, FirstName, LastName, PhoneNumber, Email, ManagerID) values (45, 'Mandel', 'Hukins', '602-304-1302', 'mhukins18@microsoft.com', '32');
insert into Nutritionists (NutrionistID, FirstName, LastName, PhoneNumber, Email, ManagerID) values (46, 'Dorey', 'Yukhnevich', '852-880-1190', 'dyukhnevich19@mozilla.org', '44');
insert into Nutritionists (NutrionistID, FirstName, LastName, PhoneNumber, Email, ManagerID) values (47, 'Eamon', 'Di Giorgio', '504-909-3483', 'edigiorgio1a@goodreads.com', '13');
insert into Nutritionists (NutrionistID, FirstName, LastName, PhoneNumber, Email, ManagerID) values (48, 'Wileen', 'Lockett', '997-872-2976', 'wlockett1b@chron.com', '42');
insert into Nutritionists (NutrionistID, FirstName, LastName, PhoneNumber, Email, ManagerID) values (49, 'Hale', 'Van Brug', '330-813-3735', 'hvanbrug1c@upenn.edu', '48');
insert into Nutritionists (NutrionistID, FirstName, LastName, PhoneNumber, Email, ManagerID) values (50, 'Norene', 'Bertomieu', '827-303-6001', 'nbertomieu1d@amazonaws.com', '21');
# 50 records

#
# Dumping data for table NutritionistSchedule
#

insert into NutritionistSchedule (Availability, NutritionistID) values ('2024-02-14 07:29:25', '4');
insert into NutritionistSchedule (Availability, NutritionistID) values ('2024-02-20 14:11:17', '15');
insert into NutritionistSchedule (Availability, NutritionistID) values ('2024-02-26 05:19:59', '26');
insert into NutritionistSchedule (Availability, NutritionistID) values ('2024-02-22 06:59:06', '25');
insert into NutritionistSchedule (Availability, NutritionistID) values ('2023-12-17 16:19:05', '50');
insert into NutritionistSchedule (Availability, NutritionistID) values ('2023-12-10 16:16:08', '44');
insert into NutritionistSchedule (Availability, NutritionistID) values ('2024-01-24 07:41:02', '34');
insert into NutritionistSchedule (Availability, NutritionistID) values ('2023-12-26 03:18:19', '3');
insert into NutritionistSchedule (Availability, NutritionistID) values ('2023-12-05 02:09:36', '14');
insert into NutritionistSchedule (Availability, NutritionistID) values ('2024-02-01 11:02:30', '23');
insert into NutritionistSchedule (Availability, NutritionistID) values ('2024-01-09 02:16:38', '29');
insert into NutritionistSchedule (Availability, NutritionistID) values ('2024-01-12 20:11:46', '40');
insert into NutritionistSchedule (Availability, NutritionistID) values ('2024-01-16 23:57:05', '36');
insert into NutritionistSchedule (Availability, NutritionistID) values ('2024-01-10 20:41:59', '47');
insert into NutritionistSchedule (Availability, NutritionistID) values ('2024-02-27 03:25:01', '42');
insert into NutritionistSchedule (Availability, NutritionistID) values ('2024-01-24 04:33:12', '49');
insert into NutritionistSchedule (Availability, NutritionistID) values ('2023-12-22 15:37:59', '21');
insert into NutritionistSchedule (Availability, NutritionistID) values ('2024-02-25 11:10:34', '27');
insert into NutritionistSchedule (Availability, NutritionistID) values ('2024-01-31 08:37:22', '17');
insert into NutritionistSchedule (Availability, NutritionistID) values ('2024-02-05 18:47:54', '20');
insert into NutritionistSchedule (Availability, NutritionistID) values ('2024-02-26 04:28:36', '10');
insert into NutritionistSchedule (Availability, NutritionistID) values ('2023-12-15 13:41:29', '35');
insert into NutritionistSchedule (Availability, NutritionistID) values ('2023-12-26 17:20:03', '5');
insert into NutritionistSchedule (Availability, NutritionistID) values ('2024-02-26 22:14:13', '32');
insert into NutritionistSchedule (Availability, NutritionistID) values ('2023-12-24 08:52:17', '8');
insert into NutritionistSchedule (Availability, NutritionistID) values ('2024-03-01 22:38:23', '43');
insert into NutritionistSchedule (Availability, NutritionistID) values ('2024-03-01 03:36:20', '48');
insert into NutritionistSchedule (Availability, NutritionistID) values ('2024-01-17 14:09:58', '38');
insert into NutritionistSchedule (Availability, NutritionistID) values ('2023-12-11 08:11:57', '1');
insert into NutritionistSchedule (Availability, NutritionistID) values ('2023-12-20 22:29:01', '7');
insert into NutritionistSchedule (Availability, NutritionistID) values ('2023-12-31 12:03:03', '19');
insert into NutritionistSchedule (Availability, NutritionistID) values ('2024-01-03 00:59:45', '37');
insert into NutritionistSchedule (Availability, NutritionistID) values ('2024-01-06 12:59:12', '28');
insert into NutritionistSchedule (Availability, NutritionistID) values ('2023-12-07 18:59:12', '12');
insert into NutritionistSchedule (Availability, NutritionistID) values ('2024-01-12 22:57:41', '30');
insert into NutritionistSchedule (Availability, NutritionistID) values ('2024-01-13 14:48:27', '33');
insert into NutritionistSchedule (Availability, NutritionistID) values ('2024-01-28 07:01:58', '2');
insert into NutritionistSchedule (Availability, NutritionistID) values ('2024-01-18 05:55:57', '24');
insert into NutritionistSchedule (Availability, NutritionistID) values ('2023-12-06 09:25:56', '31');
insert into NutritionistSchedule (Availability, NutritionistID) values ('2024-01-11 23:03:35', '46');
insert into NutritionistSchedule (Availability, NutritionistID) values ('2024-01-11 14:18:36', '45');
insert into NutritionistSchedule (Availability, NutritionistID) values ('2024-01-22 01:02:08', '41');
insert into NutritionistSchedule (Availability, NutritionistID) values ('2024-01-28 08:55:58', '16');
insert into NutritionistSchedule (Availability, NutritionistID) values ('2024-01-31 03:58:48', '22');
insert into NutritionistSchedule (Availability, NutritionistID) values ('2023-12-22 09:48:34', '11');
insert into NutritionistSchedule (Availability, NutritionistID) values ('2023-12-17 05:07:54', '9');
insert into NutritionistSchedule (Availability, NutritionistID) values ('2024-01-13 07:26:51', '6');
insert into NutritionistSchedule (Availability, NutritionistID) values ('2024-01-25 07:15:44', '13');
insert into NutritionistSchedule (Availability, NutritionistID) values ('2024-02-16 06:29:09', '18');
insert into NutritionistSchedule (Availability, NutritionistID) values ('2024-01-28 16:49:52', '39');
# 50 records

#
# Dumping data for table NutritionistResources
#

insert into NutritionistResources (Food, Calories, Nutrients, Protein, Carbs, NutritionistID) values ('sandwich', 706, 'Vitamin E', 'high', 'high', '39');
insert into NutritionistResources (Food, Calories, Nutrients, Protein, Carbs, NutritionistID) values ('sushi', 274, 'Vitamin C', 'medium', 'low', '26');
insert into NutritionistResources (Food, Calories, Nutrients, Protein, Carbs, NutritionistID) values ('burger', 133, 'Vitamin A', 'medium', 'medium', '49');
insert into NutritionistResources (Food, Calories, Nutrients, Protein, Carbs, NutritionistID) values ('tacos', 200, 'Vitamin A', 'high', 'low', '13');
insert into NutritionistResources (Food, Calories, Nutrients, Protein, Carbs, NutritionistID) values ('sushi', 647, 'Vitamin C', 'low', 'medium', '35');
insert into NutritionistResources (Food, Calories, Nutrients, Protein, Carbs, NutritionistID) values ('burger', 902, 'Vitamin E', 'medium', 'high', '36');
insert into NutritionistResources (Food, Calories, Nutrients, Protein, Carbs, NutritionistID) values ('sushi', 270, 'Vitamin D', 'medium', 'low', '45');
insert into NutritionistResources (Food, Calories, Nutrients, Protein, Carbs, NutritionistID) values ('sandwich', 800, 'Vitamin A', 'medium', 'medium', '30');
insert into NutritionistResources (Food, Calories, Nutrients, Protein, Carbs, NutritionistID) values ('steak', 920, 'Vitamin B', 'medium', 'high', '6');
insert into NutritionistResources (Food, Calories, Nutrients, Protein, Carbs, NutritionistID) values ('steak', 105, 'Vitamin K', 'medium', 'medium', '3');
insert into NutritionistResources (Food, Calories, Nutrients, Protein, Carbs, NutritionistID) values ('pizza', 196, 'Vitamin B', 'medium', 'high', '48');
insert into NutritionistResources (Food, Calories, Nutrients, Protein, Carbs, NutritionistID) values ('sushi', 891, 'Vitamin C', 'high', 'low', '41');
insert into NutritionistResources (Food, Calories, Nutrients, Protein, Carbs, NutritionistID) values ('burger', 438, 'Vitamin A', 'low', 'medium', '43');
insert into NutritionistResources (Food, Calories, Nutrients, Protein, Carbs, NutritionistID) values ('steak', 859, 'Vitamin A', 'medium', 'low', '19');
insert into NutritionistResources (Food, Calories, Nutrients, Protein, Carbs, NutritionistID) values ('steak', 349, 'Vitamin D', 'high', 'medium', '40');
insert into NutritionistResources (Food, Calories, Nutrients, Protein, Carbs, NutritionistID) values ('sandwich', 292, 'Vitamin A', 'low', 'high', '10');
insert into NutritionistResources (Food, Calories, Nutrients, Protein, Carbs, NutritionistID) values ('steak', 536, 'Vitamin B', 'low', 'low', '50');
insert into NutritionistResources (Food, Calories, Nutrients, Protein, Carbs, NutritionistID) values ('pasta', 525, 'Vitamin C', 'medium', 'medium', '42');
insert into NutritionistResources (Food, Calories, Nutrients, Protein, Carbs, NutritionistID) values ('sandwich', 166, 'Vitamin A', 'high', 'medium', '8');
insert into NutritionistResources (Food, Calories, Nutrients, Protein, Carbs, NutritionistID) values ('pasta', 928, 'Vitamin K', 'high', 'medium', '12');
insert into NutritionistResources (Food, Calories, Nutrients, Protein, Carbs, NutritionistID) values ('pizza', 981, 'Vitamin C', 'low', 'medium', '32');
insert into NutritionistResources (Food, Calories, Nutrients, Protein, Carbs, NutritionistID) values ('curry', 964, 'Vitamin K', 'medium', 'high', '1');
insert into NutritionistResources (Food, Calories, Nutrients, Protein, Carbs, NutritionistID) values ('curry', 577, 'Vitamin A', 'low', 'high', '4');
insert into NutritionistResources (Food, Calories, Nutrients, Protein, Carbs, NutritionistID) values ('ramen', 727, 'Vitamin A', 'low', 'medium', '18');
insert into NutritionistResources (Food, Calories, Nutrients, Protein, Carbs, NutritionistID) values ('burger', 536, 'Vitamin B', 'low', 'medium', '29');
insert into NutritionistResources (Food, Calories, Nutrients, Protein, Carbs, NutritionistID) values ('tacos', 162, 'Vitamin B', 'medium', 'high', '46');
insert into NutritionistResources (Food, Calories, Nutrients, Protein, Carbs, NutritionistID) values ('pizza', 744, 'Vitamin K', 'low', 'medium', '47');
insert into NutritionistResources (Food, Calories, Nutrients, Protein, Carbs, NutritionistID) values ('burger', 178, 'Vitamin C', 'medium', 'medium', '33');
insert into NutritionistResources (Food, Calories, Nutrients, Protein, Carbs, NutritionistID) values ('burger', 164, 'Vitamin C', 'low', 'medium', '5');
insert into NutritionistResources (Food, Calories, Nutrients, Protein, Carbs, NutritionistID) values ('sandwich', 204, 'Vitamin A', 'high', 'low', '2');
insert into NutritionistResources (Food, Calories, Nutrients, Protein, Carbs, NutritionistID) values ('sushi', 524, 'Vitamin B', 'high', 'low', '11');
insert into NutritionistResources (Food, Calories, Nutrients, Protein, Carbs, NutritionistID) values ('steak', 356, 'Vitamin E', 'high', 'high', '7');
insert into NutritionistResources (Food, Calories, Nutrients, Protein, Carbs, NutritionistID) values ('ramen', 768, 'Vitamin C', 'medium', 'high', '15');
insert into NutritionistResources (Food, Calories, Nutrients, Protein, Carbs, NutritionistID) values ('sandwich', 832, 'Vitamin A', 'high', 'high', '9');
insert into NutritionistResources (Food, Calories, Nutrients, Protein, Carbs, NutritionistID) values ('sandwich', 771, 'Vitamin C', 'medium', 'low', '20');
insert into NutritionistResources (Food, Calories, Nutrients, Protein, Carbs, NutritionistID) values ('ramen', 320, 'Vitamin B', 'low', 'high', '24');
insert into NutritionistResources (Food, Calories, Nutrients, Protein, Carbs, NutritionistID) values ('curry', 537, 'Vitamin D', 'high', 'low', '25');
insert into NutritionistResources (Food, Calories, Nutrients, Protein, Carbs, NutritionistID) values ('sushi', 197, 'Vitamin C', 'medium', 'high', '28');
insert into NutritionistResources (Food, Calories, Nutrients, Protein, Carbs, NutritionistID) values ('sushi', 456, 'Vitamin K', 'low', 'medium', '27');
insert into NutritionistResources (Food, Calories, Nutrients, Protein, Carbs, NutritionistID) values ('burger', 868, 'Vitamin B', 'medium', 'low', '38');
insert into NutritionistResources (Food, Calories, Nutrients, Protein, Carbs, NutritionistID) values ('salad', 392, 'Vitamin E', 'low', 'low', '21');
insert into NutritionistResources (Food, Calories, Nutrients, Protein, Carbs, NutritionistID) values ('sushi', 641, 'Vitamin E', 'high', 'low', '37');
insert into NutritionistResources (Food, Calories, Nutrients, Protein, Carbs, NutritionistID) values ('burger', 961, 'Vitamin A', 'medium', 'high', '44');
insert into NutritionistResources (Food, Calories, Nutrients, Protein, Carbs, NutritionistID) values ('burger', 846, 'Vitamin K', 'high', 'high', '14');
insert into NutritionistResources (Food, Calories, Nutrients, Protein, Carbs, NutritionistID) values ('steak', 410, 'Vitamin D', 'medium', 'medium', '17');
insert into NutritionistResources (Food, Calories, Nutrients, Protein, Carbs, NutritionistID) values ('curry', 166, 'Vitamin K', 'low', 'medium', '31');
insert into NutritionistResources (Food, Calories, Nutrients, Protein, Carbs, NutritionistID) values ('burger', 102, 'Vitamin E', 'medium', 'low', '16');
insert into NutritionistResources (Food, Calories, Nutrients, Protein, Carbs, NutritionistID) values ('pizza', 400, 'Vitamin B', 'high', 'high', '23');
insert into NutritionistResources (Food, Calories, Nutrients, Protein, Carbs, NutritionistID) values ('pasta', 725, 'Vitamin K', 'medium', 'medium', '34');
insert into NutritionistResources (Food, Calories, Nutrients, Protein, Carbs, NutritionistID) values ('salad', 790, 'Vitamin E', 'medium', 'low', '22');
# 50 records

#
# Dumping data for table Members
#

insert into Members (MemberID, FirstName, LastName, PhoneNumber, Email, Height, Weight, ManagerID) values (1, 'Marmaduke', 'Symms', '677-548-6857', 'msymms0@dedecms.com', 2.03, 221.55, '43');
insert into Members (MemberID, FirstName, LastName, PhoneNumber, Email, Height, Weight, ManagerID) values (2, 'Jaime', 'Tripet', '948-953-1600', 'jtripet1@squidoo.com', 2.59, 199.03, '11');
insert into Members (MemberID, FirstName, LastName, PhoneNumber, Email, Height, Weight, ManagerID) values (3, 'Daria', 'Baugh', '648-524-5530', 'dbaugh2@lycos.com', 1.95, 189.63, '25');
insert into Members (MemberID, FirstName, LastName, PhoneNumber, Email, Height, Weight, ManagerID) values (4, 'Kile', 'Tysack', '748-952-8239', 'ktysack3@washingtonpost.com', 2.53, 101.13, '45');
insert into Members (MemberID, FirstName, LastName, PhoneNumber, Email, Height, Weight, ManagerID) values (5, 'Olenka', 'Lackemann', '822-939-9128', 'olackemann4@xrea.com', 2.57, 119.12, '42');
insert into Members (MemberID, FirstName, LastName, PhoneNumber, Email, Height, Weight, ManagerID) values (6, 'Shelby', 'Bibb', '967-564-2203', 'sbibb5@ow.ly', 1.88, 218.24, '9');
insert into Members (MemberID, FirstName, LastName, PhoneNumber, Email, Height, Weight, ManagerID) values (7, 'Jaime', 'Parkeson', '618-156-4349', 'jparkeson6@dmoz.org', 1.56, 90.21, '20');
insert into Members (MemberID, FirstName, LastName, PhoneNumber, Email, Height, Weight, ManagerID) values (8, 'Lovell', 'Cawsby', '581-395-6521', 'lcawsby7@ft.com', 2.69, 86.63, '48');
insert into Members (MemberID, FirstName, LastName, PhoneNumber, Email, Height, Weight, ManagerID) values (9, 'Jorry', 'Slane', '345-958-5278', 'jslane8@bloomberg.com', 2.91, 252.55, '31');
insert into Members (MemberID, FirstName, LastName, PhoneNumber, Email, Height, Weight, ManagerID) values (10, 'Dorella', 'Giovani', '561-141-8163', 'dgiovani9@youtube.com', 2.94, 82.33, '8');
insert into Members (MemberID, FirstName, LastName, PhoneNumber, Email, Height, Weight, ManagerID) values (11, 'Morly', 'Shynn', '902-717-7215', 'mshynna@seesaa.net', 2.49, 221.73, '28');
insert into Members (MemberID, FirstName, LastName, PhoneNumber, Email, Height, Weight, ManagerID) values (12, 'Helene', 'Johnston', '875-329-8321', 'hjohnstonb@yolasite.com', 1.55, 260.09, '3');
insert into Members (MemberID, FirstName, LastName, PhoneNumber, Email, Height, Weight, ManagerID) values (13, 'Murvyn', 'Clubbe', '165-277-8383', 'mclubbec@epa.gov', 2.31, 273.49, '12');
insert into Members (MemberID, FirstName, LastName, PhoneNumber, Email, Height, Weight, ManagerID) values (14, 'Reagen', 'Ewings', '213-835-3359', 'rewingsd@discuz.net', 2.99, 80.55, '27');
insert into Members (MemberID, FirstName, LastName, PhoneNumber, Email, Height, Weight, ManagerID) values (15, 'Sauveur', 'Josipovic', '860-555-0651', 'sjosipovice@twitpic.com', 1.98, 277.67, '46');
insert into Members (MemberID, FirstName, LastName, PhoneNumber, Email, Height, Weight, ManagerID) values (16, 'Cairistiona', 'Dulake', '506-887-5917', 'cdulakef@sphinn.com', 2.66, 203.26, '38');
insert into Members (MemberID, FirstName, LastName, PhoneNumber, Email, Height, Weight, ManagerID) values (17, 'Becki', 'Barbour', '659-613-0573', 'bbarbourg@stumbleupon.com', 1.51, 277.79, '13');
insert into Members (MemberID, FirstName, LastName, PhoneNumber, Email, Height, Weight, ManagerID) values (18, 'Ulrich', 'Candy', '605-911-9860', 'ucandyh@example.com', 2.79, 108.39, '15');
insert into Members (MemberID, FirstName, LastName, PhoneNumber, Email, Height, Weight, ManagerID) values (19, 'Maribeth', 'Tassell', '706-478-0547', 'mtasselli@businessinsider.com', 1.86, 141.7, '21');
insert into Members (MemberID, FirstName, LastName, PhoneNumber, Email, Height, Weight, ManagerID) values (20, 'Nanete', 'Edmott', '580-363-4854', 'nedmottj@infoseek.co.jp', 2.74, 118.38, '23');
insert into Members (MemberID, FirstName, LastName, PhoneNumber, Email, Height, Weight, ManagerID) values (21, 'Amy', 'Gurnett', '670-951-7126', 'agurnettk@technorati.com', 2.48, 272.85, '41');
insert into Members (MemberID, FirstName, LastName, PhoneNumber, Email, Height, Weight, ManagerID) values (22, 'Maryjane', 'Olech', '235-797-4940', 'molechl@live.com', 2.64, 157.4, '44');
insert into Members (MemberID, FirstName, LastName, PhoneNumber, Email, Height, Weight, ManagerID) values (23, 'Kiel', 'Cawt', '482-947-4256', 'kcawtm@salon.com', 2.68, 234.37, '35');
insert into Members (MemberID, FirstName, LastName, PhoneNumber, Email, Height, Weight, ManagerID) values (24, 'Mae', 'Toplin', '626-862-4049', 'mtoplinn@discuz.net', 1.6, 275.43, '32');
insert into Members (MemberID, FirstName, LastName, PhoneNumber, Email, Height, Weight, ManagerID) values (25, 'Sukey', 'Ferencz', '165-266-2847', 'sferenczo@slideshare.net', 1.64, 143.31, '26');
insert into Members (MemberID, FirstName, LastName, PhoneNumber, Email, Height, Weight, ManagerID) values (26, 'Etty', 'Nairn', '641-714-9973', 'enairnp@irs.gov', 1.59, 258.65, '47');
insert into Members (MemberID, FirstName, LastName, PhoneNumber, Email, Height, Weight, ManagerID) values (27, 'Nester', 'Meech', '586-231-4811', 'nmeechq@printfriendly.com', 2.87, 141.62, '16');
insert into Members (MemberID, FirstName, LastName, PhoneNumber, Email, Height, Weight, ManagerID) values (28, 'Case', 'Candy', '717-785-7600', 'ccandyr@hubpages.com', 1.95, 100.3, '33');
insert into Members (MemberID, FirstName, LastName, PhoneNumber, Email, Height, Weight, ManagerID) values (29, 'Averil', 'Kimmons', '318-458-0099', 'akimmonss@cnbc.com', 2.07, 249.66, '40');
insert into Members (MemberID, FirstName, LastName, PhoneNumber, Email, Height, Weight, ManagerID) values (30, 'Kalil', 'Baldree', '248-696-9890', 'kbaldreet@bing.com', 2.99, 273.89, '36');
insert into Members (MemberID, FirstName, LastName, PhoneNumber, Email, Height, Weight, ManagerID) values (31, 'Tammie', 'Woffenden', '989-736-1835', 'twoffendenu@cnbc.com', 2.07, 293.61, '22');
insert into Members (MemberID, FirstName, LastName, PhoneNumber, Email, Height, Weight, ManagerID) values (32, 'Dolley', 'Mockford', '672-785-3350', 'dmockfordv@cnet.com', 2.1, 161.5, '18');
insert into Members (MemberID, FirstName, LastName, PhoneNumber, Email, Height, Weight, ManagerID) values (33, 'Johnny', 'Stoneham', '613-918-9354', 'jstonehamw@nps.gov', 2.01, 178.65, '37');
insert into Members (MemberID, FirstName, LastName, PhoneNumber, Email, Height, Weight, ManagerID) values (34, 'Fanchette', 'Sterman', '807-529-5594', 'fstermanx@slideshare.net', 2.71, 181.21, '34');
insert into Members (MemberID, FirstName, LastName, PhoneNumber, Email, Height, Weight, ManagerID) values (35, 'Jozef', 'Grichukhanov', '354-100-6706', 'jgrichukhanovy@wordpress.org', 2.95, 215.77, '2');
insert into Members (MemberID, FirstName, LastName, PhoneNumber, Email, Height, Weight, ManagerID) values (36, 'Mychal', 'Minard', '608-484-4544', 'mminardz@goo.gl', 1.99, 87.22, '7');
insert into Members (MemberID, FirstName, LastName, PhoneNumber, Email, Height, Weight, ManagerID) values (37, 'Bruis', 'Skittles', '939-313-4015', 'bskittles10@eventbrite.com', 2.3, 142.04, '4');
insert into Members (MemberID, FirstName, LastName, PhoneNumber, Email, Height, Weight, ManagerID) values (38, 'Lennard', 'Sandars', '757-935-4230', 'lsandars11@prnewswire.com', 2.18, 249.84, '39');
insert into Members (MemberID, FirstName, LastName, PhoneNumber, Email, Height, Weight, ManagerID) values (39, 'Quillan', 'Cowthart', '138-582-5198', 'qcowthart12@biglobe.ne.jp', 1.81, 299.73, '30');
insert into Members (MemberID, FirstName, LastName, PhoneNumber, Email, Height, Weight, ManagerID) values (40, 'Clerkclaude', 'Ginnane', '126-843-8400', 'cginnane13@ask.com', 2.24, 116.37, '19');
insert into Members (MemberID, FirstName, LastName, PhoneNumber, Email, Height, Weight, ManagerID) values (41, 'Pen', 'Venditti', '388-594-5392', 'pvenditti14@etsy.com', 2.51, 83.38, '50');
insert into Members (MemberID, FirstName, LastName, PhoneNumber, Email, Height, Weight, ManagerID) values (42, 'Lynelle', 'Daley', '487-665-8571', 'ldaley15@friendfeed.com', 1.83, 263.1, '5');
insert into Members (MemberID, FirstName, LastName, PhoneNumber, Email, Height, Weight, ManagerID) values (43, 'Wat', 'Cradduck', '995-430-5212', 'wcradduck16@jalbum.net', 1.93, 109.26, '29');
insert into Members (MemberID, FirstName, LastName, PhoneNumber, Email, Height, Weight, ManagerID) values (44, 'Juline', 'Gelling', '568-965-3150', 'jgelling17@jalbum.net', 1.74, 191.35, '14');
insert into Members (MemberID, FirstName, LastName, PhoneNumber, Email, Height, Weight, ManagerID) values (45, 'Teirtza', 'Shellum', '463-288-4617', 'tshellum18@cam.ac.uk', 1.62, 213.26, '49');
insert into Members (MemberID, FirstName, LastName, PhoneNumber, Email, Height, Weight, ManagerID) values (46, 'Logan', 'Lghan', '453-694-0618', 'llghan19@sphinn.com', 2.11, 127.62, '17');
insert into Members (MemberID, FirstName, LastName, PhoneNumber, Email, Height, Weight, ManagerID) values (47, 'Lilly', 'Takis', '242-655-4355', 'ltakis1a@adobe.com', 2.35, 235.54, '24');
insert into Members (MemberID, FirstName, LastName, PhoneNumber, Email, Height, Weight, ManagerID) values (48, 'Rori', 'Horley', '325-673-5351', 'rhorley1b@cargocollective.com', 2.13, 248.47, '1');
insert into Members (MemberID, FirstName, LastName, PhoneNumber, Email, Height, Weight, ManagerID) values (49, 'Gothart', 'Lampkin', '546-744-4741', 'glampkin1c@ebay.co.uk', 2.26, 149.38, '10');
insert into Members (MemberID, FirstName, LastName, PhoneNumber, Email, Height, Weight, ManagerID) values (50, 'Yorgo', 'Benoit', '851-713-9442', 'ybenoit1d@sun.com', 2.01, 135.42, '6');
# 50 records

#
# Dumping data for table NutritionPlan
#

insert into NutritionPlan (Goals, DietRestrictions, MealPlan, DietType, MemberID) values ('gain muscle', 'nut-free', 'low carb', 'Keto', '37');
insert into NutritionPlan (Goals, DietRestrictions, MealPlan, DietType, MemberID) values ('maintain weight', 'vegetarian', 'low carb', 'Intermittent Fasting', '46');
insert into NutritionPlan (Goals, DietRestrictions, MealPlan, DietType, MemberID) values ('gain muscle', 'dairy-free', 'paleo', 'Flexitarian', '14');
insert into NutritionPlan (Goals, DietRestrictions, MealPlan, DietType, MemberID) values ('lose weight', 'vegetarian', 'high protein', 'Intermittent Fasting', '49');
insert into NutritionPlan (Goals, DietRestrictions, MealPlan, DietType, MemberID) values ('lose weight', 'nut-free', 'high protein', 'Mediterranean', '12');
insert into NutritionPlan (Goals, DietRestrictions, MealPlan, DietType, MemberID) values ('maintain weight', 'vegan', 'low carb', 'DASH', '25');
insert into NutritionPlan (Goals, DietRestrictions, MealPlan, DietType, MemberID) values ('gain muscle', 'vegetarian', 'balanced', 'Flexitarian', '8');
insert into NutritionPlan (Goals, DietRestrictions, MealPlan, DietType, MemberID) values ('gain muscle', 'vegan', 'vegan', 'Whole30', '32');
insert into NutritionPlan (Goals, DietRestrictions, MealPlan, DietType, MemberID) values ('maintain weight', 'vegan', 'balanced', 'Atkins', '22');
insert into NutritionPlan (Goals, DietRestrictions, MealPlan, DietType, MemberID) values ('gain muscle', 'nut-free', 'high protein', 'DASH', '48');
insert into NutritionPlan (Goals, DietRestrictions, MealPlan, DietType, MemberID) values ('maintain weight', 'gluten-free', 'low carb', 'Paleo', '47');
insert into NutritionPlan (Goals, DietRestrictions, MealPlan, DietType, MemberID) values ('maintain weight', 'dairy-free', 'balanced', 'Paleo', '19');
insert into NutritionPlan (Goals, DietRestrictions, MealPlan, DietType, MemberID) values ('maintain weight', 'nut-free', 'high protein', 'Atkins', '41');
insert into NutritionPlan (Goals, DietRestrictions, MealPlan, DietType, MemberID) values ('lose weight', 'gluten-free', 'high protein', 'Intermittent Fasting', '1');
insert into NutritionPlan (Goals, DietRestrictions, MealPlan, DietType, MemberID) values ('lose weight', 'dairy-free', 'high protein', 'DASH', '50');
insert into NutritionPlan (Goals, DietRestrictions, MealPlan, DietType, MemberID) values ('lose weight', 'dairy-free', 'low carb', 'Atkins', '26');
insert into NutritionPlan (Goals, DietRestrictions, MealPlan, DietType, MemberID) values ('maintain weight', 'vegan', 'high protein', 'Mediterranean', '38');
insert into NutritionPlan (Goals, DietRestrictions, MealPlan, DietType, MemberID) values ('maintain weight', 'vegetarian', 'high protein', 'Whole30', '34');
insert into NutritionPlan (Goals, DietRestrictions, MealPlan, DietType, MemberID) values ('gain muscle', 'nut-free', 'vegan', 'Weight Watchers', '39');
insert into NutritionPlan (Goals, DietRestrictions, MealPlan, DietType, MemberID) values ('maintain weight', 'dairy-free', 'balanced', 'Vegan', '4');
insert into NutritionPlan (Goals, DietRestrictions, MealPlan, DietType, MemberID) values ('gain muscle', 'nut-free', 'paleo', 'Intermittent Fasting', '42');
insert into NutritionPlan (Goals, DietRestrictions, MealPlan, DietType, MemberID) values ('gain muscle', 'nut-free', 'balanced', 'Vegan', '3');
insert into NutritionPlan (Goals, DietRestrictions, MealPlan, DietType, MemberID) values ('gain muscle', 'gluten-free', 'low carb', 'Flexitarian', '30');
insert into NutritionPlan (Goals, DietRestrictions, MealPlan, DietType, MemberID) values ('gain muscle', 'vegan', 'paleo', 'Intermittent Fasting', '36');
insert into NutritionPlan (Goals, DietRestrictions, MealPlan, DietType, MemberID) values ('maintain weight', 'vegetarian', 'balanced', 'Whole30', '44');
insert into NutritionPlan (Goals, DietRestrictions, MealPlan, DietType, MemberID) values ('maintain weight', 'vegetarian', 'paleo', 'Weight Watchers', '31');
insert into NutritionPlan (Goals, DietRestrictions, MealPlan, DietType, MemberID) values ('gain muscle', 'gluten-free', 'vegan', 'Whole30', '18');
insert into NutritionPlan (Goals, DietRestrictions, MealPlan, DietType, MemberID) values ('gain muscle', 'dairy-free', 'low carb', 'Intermittent Fasting', '20');
insert into NutritionPlan (Goals, DietRestrictions, MealPlan, DietType, MemberID) values ('lose weight', 'vegetarian', 'balanced', 'Keto', '15');
insert into NutritionPlan (Goals, DietRestrictions, MealPlan, DietType, MemberID) values ('maintain weight', 'nut-free', 'vegan', 'DASH', '13');
insert into NutritionPlan (Goals, DietRestrictions, MealPlan, DietType, MemberID) values ('lose weight', 'vegetarian', 'paleo', 'Weight Watchers', '21');
insert into NutritionPlan (Goals, DietRestrictions, MealPlan, DietType, MemberID) values ('maintain weight', 'vegetarian', 'vegan', 'Paleo', '45');
insert into NutritionPlan (Goals, DietRestrictions, MealPlan, DietType, MemberID) values ('maintain weight', 'nut-free', 'balanced', 'DASH', '10');
insert into NutritionPlan (Goals, DietRestrictions, MealPlan, DietType, MemberID) values ('lose weight', 'dairy-free', 'low carb', 'Flexitarian', '17');
insert into NutritionPlan (Goals, DietRestrictions, MealPlan, DietType, MemberID) values ('maintain weight', 'dairy-free', 'balanced', 'Intermittent Fasting', '29');
insert into NutritionPlan (Goals, DietRestrictions, MealPlan, DietType, MemberID) values ('lose weight', 'gluten-free', 'low carb', 'Weight Watchers', '24');
insert into NutritionPlan (Goals, DietRestrictions, MealPlan, DietType, MemberID) values ('gain muscle', 'dairy-free', 'paleo', 'Intermittent Fasting', '33');
insert into NutritionPlan (Goals, DietRestrictions, MealPlan, DietType, MemberID) values ('gain muscle', 'vegan', 'vegan', 'DASH', '43');
insert into NutritionPlan (Goals, DietRestrictions, MealPlan, DietType, MemberID) values ('maintain weight', 'vegan', 'high protein', 'Weight Watchers', '28');
insert into NutritionPlan (Goals, DietRestrictions, MealPlan, DietType, MemberID) values ('lose weight', 'vegan', 'high protein', 'Flexitarian', '23');
insert into NutritionPlan (Goals, DietRestrictions, MealPlan, DietType, MemberID) values ('gain muscle', 'gluten-free', 'high protein', 'Whole30', '6');
insert into NutritionPlan (Goals, DietRestrictions, MealPlan, DietType, MemberID) values ('lose weight', 'vegetarian', 'paleo', 'Paleo', '11');
insert into NutritionPlan (Goals, DietRestrictions, MealPlan, DietType, MemberID) values ('lose weight', 'vegan', 'vegan', 'Intermittent Fasting', '40');
insert into NutritionPlan (Goals, DietRestrictions, MealPlan, DietType, MemberID) values ('gain muscle', 'vegetarian', 'balanced', 'DASH', '27');
insert into NutritionPlan (Goals, DietRestrictions, MealPlan, DietType, MemberID) values ('gain muscle', 'vegetarian', 'high protein', 'Vegan', '9');
insert into NutritionPlan (Goals, DietRestrictions, MealPlan, DietType, MemberID) values ('gain muscle', 'dairy-free', 'balanced', 'Keto', '35');
insert into NutritionPlan (Goals, DietRestrictions, MealPlan, DietType, MemberID) values ('gain muscle', 'vegetarian', 'balanced', 'Vegan', '5');
insert into NutritionPlan (Goals, DietRestrictions, MealPlan, DietType, MemberID) values ('gain muscle', 'vegetarian', 'low carb', 'Flexitarian', '7');
insert into NutritionPlan (Goals, DietRestrictions, MealPlan, DietType, MemberID) values ('gain muscle', 'vegan', 'balanced', 'Mediterranean', '2');
insert into NutritionPlan (Goals, DietRestrictions, MealPlan, DietType, MemberID) values ('gain muscle', 'vegan', 'paleo', 'Mediterranean', '16');
# 50 records

#
# Dumping data for table WorkoutPlan
#

insert into WorkoutPlan (Goals, WorkoutType, MemberID) values ('achieve personal best', 'yoga', '43');
insert into WorkoutPlan (Goals, WorkoutType, MemberID) values ('improve cardio', 'cardio', '35');
insert into WorkoutPlan (Goals, WorkoutType, MemberID) values ('lift heavier weight', 'HIIT', '34');
insert into WorkoutPlan (Goals, WorkoutType, MemberID) values ('lift heavier weight', 'yoga', '27');
insert into WorkoutPlan (Goals, WorkoutType, MemberID) values ('set new records', 'strength training', '38');
insert into WorkoutPlan (Goals, WorkoutType, MemberID) values ('set new records', 'pilates', '21');
insert into WorkoutPlan (Goals, WorkoutType, MemberID) values ('lift heavier weight', 'circuit training', '29');
insert into WorkoutPlan (Goals, WorkoutType, MemberID) values ('increase endurance', 'strength training', '30');
insert into WorkoutPlan (Goals, WorkoutType, MemberID) values ('increase endurance', 'HIIT', '47');
insert into WorkoutPlan (Goals, WorkoutType, MemberID) values ('increase endurance', 'circuit training', '50');
insert into WorkoutPlan (Goals, WorkoutType, MemberID) values ('achieve personal best', 'HIIT', '44');
insert into WorkoutPlan (Goals, WorkoutType, MemberID) values ('increase endurance', 'circuit training', '5');
insert into WorkoutPlan (Goals, WorkoutType, MemberID) values ('improve cardio', 'strength training', '16');
insert into WorkoutPlan (Goals, WorkoutType, MemberID) values ('improve cardio', 'strength training', '14');
insert into WorkoutPlan (Goals, WorkoutType, MemberID) values ('lift heavier weight', 'strength training', '36');
insert into WorkoutPlan (Goals, WorkoutType, MemberID) values ('achieve personal best', 'bodybuilder split', '28');
insert into WorkoutPlan (Goals, WorkoutType, MemberID) values ('achieve personal best', 'yoga', '11');
insert into WorkoutPlan (Goals, WorkoutType, MemberID) values ('achieve personal best', 'pilates', '1');
insert into WorkoutPlan (Goals, WorkoutType, MemberID) values ('achieve personal best', 'HIIT', '39');
insert into WorkoutPlan (Goals, WorkoutType, MemberID) values ('set new records', 'cardio', '48');
insert into WorkoutPlan (Goals, WorkoutType, MemberID) values ('improve cardio', 'HIIT', '32');
insert into WorkoutPlan (Goals, WorkoutType, MemberID) values ('increase endurance', 'pilates', '10');
insert into WorkoutPlan (Goals, WorkoutType, MemberID) values ('achieve personal best', 'strength training', '12');
insert into WorkoutPlan (Goals, WorkoutType, MemberID) values ('achieve personal best', 'yoga', '13');
insert into WorkoutPlan (Goals, WorkoutType, MemberID) values ('achieve personal best', 'circuit training', '23');
insert into WorkoutPlan (Goals, WorkoutType, MemberID) values ('set new records', 'strength training', '24');
insert into WorkoutPlan (Goals, WorkoutType, MemberID) values ('improve cardio', 'HIIT', '40');
insert into WorkoutPlan (Goals, WorkoutType, MemberID) values ('increase endurance', 'circuit training', '18');
insert into WorkoutPlan (Goals, WorkoutType, MemberID) values ('achieve personal best', 'bodybuilder split', '33');
insert into WorkoutPlan (Goals, WorkoutType, MemberID) values ('lift heavier weight', 'bodybuilder split', '37');
insert into WorkoutPlan (Goals, WorkoutType, MemberID) values ('increase endurance', 'HIIT', '8');
insert into WorkoutPlan (Goals, WorkoutType, MemberID) values ('improve cardio', 'circuit training', '49');
insert into WorkoutPlan (Goals, WorkoutType, MemberID) values ('lift heavier weight', 'cardio', '31');
insert into WorkoutPlan (Goals, WorkoutType, MemberID) values ('achieve personal best', 'circuit training', '45');
insert into WorkoutPlan (Goals, WorkoutType, MemberID) values ('lift heavier weight', 'bodybuilder split', '2');
insert into WorkoutPlan (Goals, WorkoutType, MemberID) values ('set new records', 'HIIT', '19');
insert into WorkoutPlan (Goals, WorkoutType, MemberID) values ('improve cardio', 'circuit training', '41');
insert into WorkoutPlan (Goals, WorkoutType, MemberID) values ('increase endurance', 'circuit training', '46');
insert into WorkoutPlan (Goals, WorkoutType, MemberID) values ('set new records', 'HIIT', '3');
insert into WorkoutPlan (Goals, WorkoutType, MemberID) values ('improve cardio', 'bodybuilder split', '15');
insert into WorkoutPlan (Goals, WorkoutType, MemberID) values ('set new records', 'yoga', '20');
insert into WorkoutPlan (Goals, WorkoutType, MemberID) values ('set new records', 'cardio', '22');
insert into WorkoutPlan (Goals, WorkoutType, MemberID) values ('increase endurance', 'circuit training', '9');
insert into WorkoutPlan (Goals, WorkoutType, MemberID) values ('improve cardio', 'cardio', '7');
insert into WorkoutPlan (Goals, WorkoutType, MemberID) values ('increase endurance', 'circuit training', '25');
insert into WorkoutPlan (Goals, WorkoutType, MemberID) values ('achieve personal best', 'bodybuilder split', '6');
insert into WorkoutPlan (Goals, WorkoutType, MemberID) values ('increase endurance', 'cardio', '17');
insert into WorkoutPlan (Goals, WorkoutType, MemberID) values ('lift heavier weight', 'pilates', '42');
insert into WorkoutPlan (Goals, WorkoutType, MemberID) values ('lift heavier weight', 'circuit training', '4');
insert into WorkoutPlan (Goals, WorkoutType, MemberID) values ('achieve personal best', 'circuit training', '26');
# 50 records

#
# Dumping data for table Progress
#

insert into Progress (WorkoutName, Sets, Reps, Weight, Time, MemberID) values ('back squat', 2, 7, 16, 13, '24');
insert into Progress (WorkoutName, Sets, Reps, Weight, Time, MemberID) values ('lunges', 3, 7, 78, 17, '30');
insert into Progress (WorkoutName, Sets, Reps, Weight, Time, MemberID) values ('deadlift', 6, 13, 127, 9, '40');
insert into Progress (WorkoutName, Sets, Reps, Weight, Time, MemberID) values ('back squat', 6, 15, 144, 4, '1');
insert into Progress (WorkoutName, Sets, Reps, Weight, Time, MemberID) values ('shoulder press', 3, 15, 188, 5, '39');
insert into Progress (WorkoutName, Sets, Reps, Weight, Time, MemberID) values ('bench press', 5, 14, 262, 0, '16');
insert into Progress (WorkoutName, Sets, Reps, Weight, Time, MemberID) values ('deadlift', 2, 6, 70, 2, '50');
insert into Progress (WorkoutName, Sets, Reps, Weight, Time, MemberID) values ('back squat', 3, 8, 77, 17, '7');
insert into Progress (WorkoutName, Sets, Reps, Weight, Time, MemberID) values ('lunges', 5, 8, 137, 20, '33');
insert into Progress (WorkoutName, Sets, Reps, Weight, Time, MemberID) values ('back squat', 4, 7, 81, 16, '8');
insert into Progress (WorkoutName, Sets, Reps, Weight, Time, MemberID) values ('shoulder press', 2, 6, 266, 8, '48');
insert into Progress (WorkoutName, Sets, Reps, Weight, Time, MemberID) values ('bench press', 3, 9, 63, 15, '14');
insert into Progress (WorkoutName, Sets, Reps, Weight, Time, MemberID) values ('shoulder press', 2, 13, 236, 6, '26');
insert into Progress (WorkoutName, Sets, Reps, Weight, Time, MemberID) values ('deadlift', 5, 11, 105, 8, '23');
insert into Progress (WorkoutName, Sets, Reps, Weight, Time, MemberID) values ('shoulder press', 2, 13, 178, 20, '28');
insert into Progress (WorkoutName, Sets, Reps, Weight, Time, MemberID) values ('bench press', 4, 14, 179, 11, '11');
insert into Progress (WorkoutName, Sets, Reps, Weight, Time, MemberID) values ('deadlift', 3, 8, 145, 13, '35');
insert into Progress (WorkoutName, Sets, Reps, Weight, Time, MemberID) values ('back squat', 6, 9, 80, 11, '32');
insert into Progress (WorkoutName, Sets, Reps, Weight, Time, MemberID) values ('bench press', 3, 9, 81, 4, '13');
insert into Progress (WorkoutName, Sets, Reps, Weight, Time, MemberID) values ('deadlift', 3, 12, 37, 13, '27');
insert into Progress (WorkoutName, Sets, Reps, Weight, Time, MemberID) values ('lunges', 6, 9, 260, 13, '41');
insert into Progress (WorkoutName, Sets, Reps, Weight, Time, MemberID) values ('bench press', 6, 9, 277, 10, '9');
insert into Progress (WorkoutName, Sets, Reps, Weight, Time, MemberID) values ('back squat', 4, 9, 150, 14, '18');
insert into Progress (WorkoutName, Sets, Reps, Weight, Time, MemberID) values ('lunges', 4, 6, 17, 16, '17');
insert into Progress (WorkoutName, Sets, Reps, Weight, Time, MemberID) values ('shoulder press', 2, 7, 207, 14, '34');
insert into Progress (WorkoutName, Sets, Reps, Weight, Time, MemberID) values ('back squat', 2, 11, 43, 10, '22');
insert into Progress (WorkoutName, Sets, Reps, Weight, Time, MemberID) values ('back squat', 6, 10, 96, 18, '12');
insert into Progress (WorkoutName, Sets, Reps, Weight, Time, MemberID) values ('bench press', 2, 5, 10, 18, '38');
insert into Progress (WorkoutName, Sets, Reps, Weight, Time, MemberID) values ('bench press', 4, 14, 197, 0, '46');
insert into Progress (WorkoutName, Sets, Reps, Weight, Time, MemberID) values ('bench press', 2, 11, 171, 6, '19');
insert into Progress (WorkoutName, Sets, Reps, Weight, Time, MemberID) values ('shoulder press', 4, 10, 185, 9, '25');
insert into Progress (WorkoutName, Sets, Reps, Weight, Time, MemberID) values ('bench press', 2, 7, 160, 3, '42');
insert into Progress (WorkoutName, Sets, Reps, Weight, Time, MemberID) values ('shoulder press', 2, 10, 91, 6, '31');
insert into Progress (WorkoutName, Sets, Reps, Weight, Time, MemberID) values ('deadlift', 2, 9, 236, 3, '21');
insert into Progress (WorkoutName, Sets, Reps, Weight, Time, MemberID) values ('deadlift', 4, 15, 119, 0, '43');
insert into Progress (WorkoutName, Sets, Reps, Weight, Time, MemberID) values ('lunges', 3, 14, 64, 15, '47');
insert into Progress (WorkoutName, Sets, Reps, Weight, Time, MemberID) values ('deadlift', 3, 14, 104, 20, '6');
insert into Progress (WorkoutName, Sets, Reps, Weight, Time, MemberID) values ('back squat', 2, 5, 48, 6, '49');
insert into Progress (WorkoutName, Sets, Reps, Weight, Time, MemberID) values ('lunges', 6, 12, 216, 15, '37');
insert into Progress (WorkoutName, Sets, Reps, Weight, Time, MemberID) values ('bench press', 6, 12, 77, 5, '3');
insert into Progress (WorkoutName, Sets, Reps, Weight, Time, MemberID) values ('shoulder press', 3, 9, 170, 8, '15');
insert into Progress (WorkoutName, Sets, Reps, Weight, Time, MemberID) values ('lunges', 2, 8, 237, 1, '4');
insert into Progress (WorkoutName, Sets, Reps, Weight, Time, MemberID) values ('bench press', 5, 9, 185, 19, '29');
insert into Progress (WorkoutName, Sets, Reps, Weight, Time, MemberID) values ('lunges', 2, 6, 200, 8, '44');
insert into Progress (WorkoutName, Sets, Reps, Weight, Time, MemberID) values ('deadlift', 4, 7, 291, 2, '45');
insert into Progress (WorkoutName, Sets, Reps, Weight, Time, MemberID) values ('shoulder press', 3, 15, 247, 18, '10');
insert into Progress (WorkoutName, Sets, Reps, Weight, Time, MemberID) values ('bench press', 4, 5, 146, 0, '2');
insert into Progress (WorkoutName, Sets, Reps, Weight, Time, MemberID) values ('bench press', 5, 9, 100, 15, '5');
insert into Progress (WorkoutName, Sets, Reps, Weight, Time, MemberID) values ('lunges', 3, 10, 280, 14, '36');
insert into Progress (WorkoutName, Sets, Reps, Weight, Time, MemberID) values ('shoulder press', 5, 11, 51, 15, '20');
# 50 records

#
# Dumping data for table Membership
#

insert into Membership (MembershipID, StartDate, EndDate, CreditCard, MemberID) values (1, '7/25/2021', '2/15/2024', '1856-5091-5315-2340', '30');
insert into Membership (MembershipID, StartDate, EndDate, CreditCard, MemberID) values (2, '9/21/2020', '6/24/2024', '5879-9294-7947-4738', '36');
insert into Membership (MembershipID, StartDate, EndDate, CreditCard, MemberID) values (3, '12/8/2019', '6/4/2024', '1257-7719-1867-8122', '24');
insert into Membership (MembershipID, StartDate, EndDate, CreditCard, MemberID) values (4, '1/18/2015', '2/15/2024', '2123-3543-2094-2828', '44');
insert into Membership (MembershipID, StartDate, EndDate, CreditCard, MemberID) values (5, '8/8/2014', '12/16/2023', '9033-0229-8228-4777', '31');
insert into Membership (MembershipID, StartDate, EndDate, CreditCard, MemberID) values (6, '3/10/2020', '12/14/2023', '5057-9506-4698-2773', '29');
insert into Membership (MembershipID, StartDate, EndDate, CreditCard, MemberID) values (7, '2/7/2015', '5/17/2024', '1152-8511-3125-5568', '32');
insert into Membership (MembershipID, StartDate, EndDate, CreditCard, MemberID) values (8, '7/9/2014', '5/4/2024', '1056-9947-5976-8371', '25');
insert into Membership (MembershipID, StartDate, EndDate, CreditCard, MemberID) values (9, '4/14/2021', '4/6/2024', '3492-8091-3502-7733', '12');
insert into Membership (MembershipID, StartDate, EndDate, CreditCard, MemberID) values (10, '9/8/2020', '2/3/2024', '9146-2699-5193-9599', '19');
insert into Membership (MembershipID, StartDate, EndDate, CreditCard, MemberID) values (11, '5/22/2016', '4/14/2024', '4311-5681-8510-3673', '2');
insert into Membership (MembershipID, StartDate, EndDate, CreditCard, MemberID) values (12, '10/13/2022', '4/24/2024', '8103-9260-5490-8499', '47');
insert into Membership (MembershipID, StartDate, EndDate, CreditCard, MemberID) values (13, '3/14/2018', '11/5/2024', '0925-0153-0820-0673', '15');
insert into Membership (MembershipID, StartDate, EndDate, CreditCard, MemberID) values (14, '8/7/2016', '8/15/2024', '8828-6125-3585-1483', '10');
insert into Membership (MembershipID, StartDate, EndDate, CreditCard, MemberID) values (15, '8/25/2012', '1/20/2024', '6134-6967-2622-2174', '50');
insert into Membership (MembershipID, StartDate, EndDate, CreditCard, MemberID) values (16, '5/13/2016', '7/29/2024', '8654-1938-5343-8391', '39');
insert into Membership (MembershipID, StartDate, EndDate, CreditCard, MemberID) values (17, '5/9/2018', '5/29/2024', '5723-1243-7240-6247', '28');
insert into Membership (MembershipID, StartDate, EndDate, CreditCard, MemberID) values (18, '7/13/2011', '5/5/2024', '3334-5918-9180-8281', '49');
insert into Membership (MembershipID, StartDate, EndDate, CreditCard, MemberID) values (19, '5/10/2014', '8/20/2024', '4204-4207-1519-9065', '5');
insert into Membership (MembershipID, StartDate, EndDate, CreditCard, MemberID) values (20, '10/30/2019', '9/14/2024', '8338-2252-8574-4631', '40');
insert into Membership (MembershipID, StartDate, EndDate, CreditCard, MemberID) values (21, '7/1/2011', '10/10/2024', '2630-2307-0195-0885', '20');
insert into Membership (MembershipID, StartDate, EndDate, CreditCard, MemberID) values (22, '3/18/2015', '1/15/2024', '9251-8832-3825-4958', '37');
insert into Membership (MembershipID, StartDate, EndDate, CreditCard, MemberID) values (23, '9/14/2022', '2/13/2024', '5719-2399-7869-5694', '35');
insert into Membership (MembershipID, StartDate, EndDate, CreditCard, MemberID) values (24, '7/8/2016', '10/17/2024', '6689-8696-6999-9150', '14');
insert into Membership (MembershipID, StartDate, EndDate, CreditCard, MemberID) values (25, '1/27/2019', '8/6/2024', '1543-2972-5685-8045', '33');
insert into Membership (MembershipID, StartDate, EndDate, CreditCard, MemberID) values (26, '9/25/2022', '4/18/2024', '6510-1279-0708-6542', '6');
insert into Membership (MembershipID, StartDate, EndDate, CreditCard, MemberID) values (27, '6/12/2013', '4/5/2024', '2829-6718-6902-3846', '22');
insert into Membership (MembershipID, StartDate, EndDate, CreditCard, MemberID) values (28, '3/3/2023', '3/26/2024', '0279-9458-8711-2422', '26');
insert into Membership (MembershipID, StartDate, EndDate, CreditCard, MemberID) values (29, '4/19/2020', '8/17/2024', '4806-4003-4866-9467', '45');
insert into Membership (MembershipID, StartDate, EndDate, CreditCard, MemberID) values (30, '9/15/2014', '2/15/2024', '1982-2342-0756-2407', '23');
insert into Membership (MembershipID, StartDate, EndDate, CreditCard, MemberID) values (31, '5/11/2023', '8/28/2024', '0870-1529-9594-1925', '17');
insert into Membership (MembershipID, StartDate, EndDate, CreditCard, MemberID) values (32, '6/13/2018', '7/30/2024', '6612-4917-6177-1700', '16');
insert into Membership (MembershipID, StartDate, EndDate, CreditCard, MemberID) values (33, '5/28/2022', '9/10/2024', '9768-9976-4390-7216', '48');
insert into Membership (MembershipID, StartDate, EndDate, CreditCard, MemberID) values (34, '1/3/2021', '2/22/2024', '1791-1159-6763-8966', '46');
insert into Membership (MembershipID, StartDate, EndDate, CreditCard, MemberID) values (35, '3/23/2023', '6/3/2024', '5832-1800-0365-2171', '41');
insert into Membership (MembershipID, StartDate, EndDate, CreditCard, MemberID) values (36, '11/12/2013', '7/29/2024', '8869-9534-0540-4453', '21');
insert into Membership (MembershipID, StartDate, EndDate, CreditCard, MemberID) values (37, '8/1/2019', '2/15/2024', '3983-4471-2391-5490', '38');
insert into Membership (MembershipID, StartDate, EndDate, CreditCard, MemberID) values (38, '11/13/2023', '5/11/2024', '0911-6959-3365-6822', '18');
insert into Membership (MembershipID, StartDate, EndDate, CreditCard, MemberID) values (39, '5/10/2016', '6/26/2024', '2561-2567-3563-2993', '27');
insert into Membership (MembershipID, StartDate, EndDate, CreditCard, MemberID) values (40, '8/9/2014', '8/16/2024', '5756-9428-6592-5697', '4');
insert into Membership (MembershipID, StartDate, EndDate, CreditCard, MemberID) values (41, '10/23/2019', '11/20/2024', '6245-5156-5279-9748', '42');
insert into Membership (MembershipID, StartDate, EndDate, CreditCard, MemberID) values (42, '12/22/2011', '3/10/2024', '2557-8883-0580-5223', '8');
insert into Membership (MembershipID, StartDate, EndDate, CreditCard, MemberID) values (43, '6/20/2020', '9/14/2024', '6286-8711-1752-3423', '13');
insert into Membership (MembershipID, StartDate, EndDate, CreditCard, MemberID) values (44, '2/8/2013', '1/26/2024', '2238-8188-0767-8567', '7');
insert into Membership (MembershipID, StartDate, EndDate, CreditCard, MemberID) values (45, '11/21/2023', '2/27/2024', '4487-8039-5178-5487', '3');
insert into Membership (MembershipID, StartDate, EndDate, CreditCard, MemberID) values (46, '2/18/2021', '12/9/2023', '7579-6545-3803-2706', '11');
insert into Membership (MembershipID, StartDate, EndDate, CreditCard, MemberID) values (47, '1/28/2023', '10/29/2024', '7082-5359-9874-9352', '9');
insert into Membership (MembershipID, StartDate, EndDate, CreditCard, MemberID) values (48, '4/7/2011', '3/29/2024', '6202-3566-1095-6139', '43');
insert into Membership (MembershipID, StartDate, EndDate, CreditCard, MemberID) values (49, '5/6/2020', '6/12/2024', '3173-3963-1231-8381', '34');
insert into Membership (MembershipID, StartDate, EndDate, CreditCard, MemberID) values (50, '4/6/2018', '8/31/2024', '4372-4019-8324-7578', '1');
# 50 records

#
# Dumping data for table Classes
#
insert into Classes (ClassID, ClassName, SpotsAvailable, StartTime, MembershipID) values (1, 'pilates', 6, '2024-01-08 12:19:21', '41');
insert into Classes (ClassID, ClassName, SpotsAvailable, StartTime, MembershipID) values (2, 'spin class', 2, '2024-01-31 09:45:25', '38');
insert into Classes (ClassID, ClassName, SpotsAvailable, StartTime, MembershipID) values (3, 'kickboxing', 10, '2024-01-26 17:42:27', '13');
insert into Classes (ClassID, ClassName, SpotsAvailable, StartTime, MembershipID) values (4, 'barre', 11, '2023-12-28 18:12:08', '25');
insert into Classes (ClassID, ClassName, SpotsAvailable, StartTime, MembershipID) values (5, 'spin class', 10, '2023-12-20 06:58:23', '9');
insert into Classes (ClassID, ClassName, SpotsAvailable, StartTime, MembershipID) values (6, 'kickboxing', 14, '2024-01-29 01:18:10', '32');
insert into Classes (ClassID, ClassName, SpotsAvailable, StartTime, MembershipID) values (7, 'pilates', 11, '2023-12-17 15:13:13', '7');
insert into Classes (ClassID, ClassName, SpotsAvailable, StartTime, MembershipID) values (8, 'hot yoga', 13, '2023-12-07 06:52:29', '24');
insert into Classes (ClassID, ClassName, SpotsAvailable, StartTime, MembershipID) values (9, 'bootcamp', 14, '2024-01-06 11:47:22', '15');
insert into Classes (ClassID, ClassName, SpotsAvailable, StartTime, MembershipID) values (10, 'bootcamp', 10, '2023-12-20 04:59:17', '45');
insert into Classes (ClassID, ClassName, SpotsAvailable, StartTime, MembershipID) values (11, 'hot yoga', 10, '2024-01-09 11:01:23', '47');
insert into Classes (ClassID, ClassName, SpotsAvailable, StartTime, MembershipID) values (12, 'bootcamp', 11, '2024-02-22 08:59:28', '23');
insert into Classes (ClassID, ClassName, SpotsAvailable, StartTime, MembershipID) values (13, 'barre', 8, '2023-12-20 16:13:15', '14');
insert into Classes (ClassID, ClassName, SpotsAvailable, StartTime, MembershipID) values (14, 'zumba', 19, '2024-01-02 04:44:04', '31');
insert into Classes (ClassID, ClassName, SpotsAvailable, StartTime, MembershipID) values (15, 'pilates', 14, '2024-02-14 14:07:56', '39');
insert into Classes (ClassID, ClassName, SpotsAvailable, StartTime, MembershipID) values (16, 'pilates', 19, '2024-02-17 16:46:54', '35');
insert into Classes (ClassID, ClassName, SpotsAvailable, StartTime, MembershipID) values (17, 'group lift', 12, '2024-01-18 18:40:26', '33');
insert into Classes (ClassID, ClassName, SpotsAvailable, StartTime, MembershipID) values (18, 'hot yoga', 4, '2024-02-24 06:40:43', '17');
insert into Classes (ClassID, ClassName, SpotsAvailable, StartTime, MembershipID) values (19, 'zumba', 18, '2024-02-05 07:10:03', '21');
insert into Classes (ClassID, ClassName, SpotsAvailable, StartTime, MembershipID) values (20, 'barre', 14, '2024-01-24 16:30:55', '18');
insert into Classes (ClassID, ClassName, SpotsAvailable, StartTime, MembershipID) values (21, 'group lift', 5, '2023-12-21 20:52:44', '36');
insert into Classes (ClassID, ClassName, SpotsAvailable, StartTime, MembershipID) values (22, 'spin class', 1, '2023-12-13 03:36:07', '20');
insert into Classes (ClassID, ClassName, SpotsAvailable, StartTime, MembershipID) values (23, 'pilates', 10, '2023-12-16 19:19:54', '2');
insert into Classes (ClassID, ClassName, SpotsAvailable, StartTime, MembershipID) values (24, 'zumba', 5, '2024-01-09 22:50:35', '37');
insert into Classes (ClassID, ClassName, SpotsAvailable, StartTime, MembershipID) values (25, 'pilates', 6, '2023-12-10 21:10:46', '3');
insert into Classes (ClassID, ClassName, SpotsAvailable, StartTime, MembershipID) values (26, 'kickboxing', 7, '2024-02-19 07:24:56', '29');
insert into Classes (ClassID, ClassName, SpotsAvailable, StartTime, MembershipID) values (27, 'zumba', 13, '2024-01-20 07:04:53', '5');
insert into Classes (ClassID, ClassName, SpotsAvailable, StartTime, MembershipID) values (28, 'hot yoga', 18, '2024-01-03 01:30:33', '1');
insert into Classes (ClassID, ClassName, SpotsAvailable, StartTime, MembershipID) values (29, 'bootcamp', 8, '2023-12-25 22:08:25', '26');
insert into Classes (ClassID, ClassName, SpotsAvailable, StartTime, MembershipID) values (30, 'hot yoga', 8, '2024-01-10 22:56:14', '44');
insert into Classes (ClassID, ClassName, SpotsAvailable, StartTime, MembershipID) values (31, 'spin class', 10, '2024-02-19 04:32:32', '6');
insert into Classes (ClassID, ClassName, SpotsAvailable, StartTime, MembershipID) values (32, 'zumba', 11, '2023-12-22 04:00:51', '40');
insert into Classes (ClassID, ClassName, SpotsAvailable, StartTime, MembershipID) values (33, 'bootcamp', 7, '2024-02-23 12:39:54', '28');
insert into Classes (ClassID, ClassName, SpotsAvailable, StartTime, MembershipID) values (34, 'spin class', 14, '2023-12-13 04:20:02', '42');
insert into Classes (ClassID, ClassName, SpotsAvailable, StartTime, MembershipID) values (35, 'hot yoga', 11, '2024-01-27 08:15:00', '27');
insert into Classes (ClassID, ClassName, SpotsAvailable, StartTime, MembershipID) values (36, 'barre', 3, '2024-02-04 16:33:14', '43');
insert into Classes (ClassID, ClassName, SpotsAvailable, StartTime, MembershipID) values (37, 'zumba', 2, '2024-02-21 11:21:26', '10');
insert into Classes (ClassID, ClassName, SpotsAvailable, StartTime, MembershipID) values (38, 'spin class', 4, '2024-01-22 11:30:19', '16');
insert into Classes (ClassID, ClassName, SpotsAvailable, StartTime, MembershipID) values (39, 'zumba', 3, '2024-02-22 03:28:46', '12');
insert into Classes (ClassID, ClassName, SpotsAvailable, StartTime, MembershipID) values (40, 'barre', 3, '2024-01-10 09:50:08', '49');
insert into Classes (ClassID, ClassName, SpotsAvailable, StartTime, MembershipID) values (41, 'barre', 1, '2024-01-15 05:14:37', '8');
insert into Classes (ClassID, ClassName, SpotsAvailable, StartTime, MembershipID) values (42, 'pilates', 16, '2023-12-10 13:06:42', '11');
insert into Classes (ClassID, ClassName, SpotsAvailable, StartTime, MembershipID) values (43, 'hot yoga', 16, '2023-12-24 22:18:23', '4');
insert into Classes (ClassID, ClassName, SpotsAvailable, StartTime, MembershipID) values (44, 'pilates', 19, '2024-01-11 09:15:52', '50');
insert into Classes (ClassID, ClassName, SpotsAvailable, StartTime, MembershipID) values (45, 'spin class', 14, '2023-12-30 13:20:00', '22');
insert into Classes (ClassID, ClassName, SpotsAvailable, StartTime, MembershipID) values (46, 'spin class', 13, '2024-02-24 01:45:59', '34');
insert into Classes (ClassID, ClassName, SpotsAvailable, StartTime, MembershipID) values (47, 'bootcamp', 9, '2024-01-05 06:10:21', '48');
insert into Classes (ClassID, ClassName, SpotsAvailable, StartTime, MembershipID) values (48, 'zumba', 2, '2024-02-01 01:55:10', '30');
insert into Classes (ClassID, ClassName, SpotsAvailable, StartTime, MembershipID) values (49, 'pilates', 13, '2024-01-03 21:44:20', '19');
insert into Classes (ClassID, ClassName, SpotsAvailable, StartTime, MembershipID) values (50, 'kickboxing', 13, '2023-12-26 04:15:06', '46');
# 50 records
